hosptals,2019_resp_number of patients_total number of tested patients,2019_resp_number of patients_E. coli,2019_resp_isolation rate_E. coli,2019_resp_number of patients_K. pneumoniae,2019_resp_isolation rate_K. pneumoniae,2019_resp_number of patients_3GCRKP,2019_resp_isolation rate_3GCRKP,2019_resp_number of patients_3GCREC,2019_resp_isolation rate_3GCREC,2019_urine_total number of tested patients,2019_urine_E. coli,2019_urine_E. coli,2019_urine_K. pneumoniae,2019_urine_K. pneumoniae,2019_urine_3GCRKP,2019_urine_3GCRKP,2019_urine_3GCREC,2019_urine_3GCREC,2019_blood_total number of tested patients,2019_blood_number of patients_E. coli,2019_blood_isolation rate_E. coli,2019_blood_number of patients_K. pneumoniae,2019_blood_isolation rate_K. pneumoniae,2019_blood_number of patients_3GCRKP,2019_blood_isolation rate_3GCRKP,2019_blood_number of patients_3GCREC,2019_blood_isolation rate_3GCREC,2019_stool_total number of tested patients,2019_stool_number of patients_E. coli,2019_stool_isolation rate_E. coli,2019_stool_number of patients_K. pneumoniae,2019_stool_isolation rate_K. pneumoniae,2019_stool_number of patients_3GCRKP,2019_stool_isolation rate_3GCRKP,2019_stool_number of patients_3GCREC,2019_stool_isolation rate_3GCREC
1,142,3,0.0211,4,0.0282,3,0.0211,3,0.0211,96,25,0.2604,4,0.0417,1,0.0104,6,0.0625,202,10,0.0495,5,0.0248,0,0,1,0.005,19,0,0,0,0,0,0,0,0
2,153,6,0.0392,7,0.0458,0,0,1,0.0065,138,38,0.2754,5,0.0362,0,0,4,0.029,221,10,0.0452,4,0.0181,0,0,0,0,17,0,0,0,0,0,0,0,0
3,289,12,0.0415,7,0.0242,0,0,1,0.0035,157,37,0.2357,9,0.0573,0,0,4,0.0255,180,9,0.05,2,0.0111,0,0,1,0.0056,84,0,0,0,0,0,0,0,0
4,165,5,0.0303,6,0.0364,0,0,1,0.0061,136,53,0.3897,10,0.0735,0,0,20,0.1471,262,9,0.0344,2,0.0076,0,0,3,0.0115,93,61,0.6559,15,0.1613,0,0,0,0
5,323,4,0.0124,5,0.0155,0,0,0,0,176,36,0.2045,3,0.017,0,0,4,0.0227,456,8,0.0175,2,0.0044,0,0,1,0.0022,147,0,0,0,0,0,0,0,0
6,144,10,0.0694,7,0.0486,0,0,2,0.0139,125,36,0.288,3,0.024,0,0,9,0.072,138,5,0.0362,3,0.0217,0,0,2,0.0145,52,21,0.4038,6,0.1154,0,0,1,0.0192
7,577,26,0.0451,0,0,0,0,6,0.0104,476,74,0.1555,0,0,0,0,13,0.0273,495,16,0.0323,0,0,0,0,2,0.004,105,0,0,0,0,0,0,0,0
8,337,9,0.0267,8,0.0237,2,0.0059,4,0.0119,201,46,0.2289,6,0.0299,0,0,10,0.0498,310,10,0.0323,2,0.0065,0,0,3,0.0097,102,0,0,0,0,0,0,0,0
9,435,11,0.0253,44,0.1011,2,0.0046,4,0.0092,409,65,0.1589,21,0.0513,1,0.0024,19,0.0465,489,14,0.0286,7,0.0143,1,0.002,0,0,193,88,0.456,43,0.2228,1,0.0052,12,0.0622
10,397,20,0.0504,10,0.0252,0,0,5,0.0126,126,31,0.246,6,0.0476,0,0,7,0.0556,236,1,0.0042,2,0.0085,0,0,1,0.0042,35,20,0.5714,8,0.2286,0,0,3,0.0857
11,392,20,0.051,26,0.0663,0,0,5,0.0128,252,57,0.2262,17,0.0675,3,0.0119,11,0.0437,432,23,0.0532,8,0.0185,2,0.0046,4,0.0093,103,53,0.5146,31,0.301,0,0,4,0.0388
12,181,14,0.0773,24,0.1326,0,0,8,0.0442,199,75,0.3769,7,0.0352,0,0,14,0.0704,216,14,0.0648,6,0.0278,0,0,4,0.0185,58,10,0.1724,0,0,0,0,9,0.1552
13,144,5,0.0347,1,0.0069,0,0,0,0,99,27,0.2727,8,0.0808,1,0.0101,6,0.0606,108,9,0.0833,0,0,0,0,1,0.0093,45,0,0,0,0,0,0,0,0
14,135,5,0.037,6,0.0444,0,0,2,0.0148,77,22,0.2857,4,0.0519,0,0,6,0.0779,140,10,0.0714,1,0.0071,0,0,4,0.0286,52,10,0.1923,1,0.0192,0,0,3,0.0577
15,295,14,0.0475,19,0.0644,5,0.0169,1,0.0034,175,37,0.2114,16,0.0914,5,0.0286,8,0.0457,305,9,0.0295,2,0.0066,1,0.0033,4,0.0131,58,22,0.3793,0,0,0,0,3,0.0517
16,23,0,0,3,0.1304,0,0,0,0,38,5,0.1316,3,0.0789,0,0,0,0,35,2,0.0571,0,0,0,0,0,0,1,1,1,0,0,0,0,0,0
17,596,44,0.0738,19,0.0319,0,0,2,0.0034,286,67,0.2343,16,0.0559,1,0.0035,12,0.042,449,16,0.0356,3,0.0067,1,0.0022,0,0,107,60,0.5607,4,0.0374,0,0,6,0.0561
18,201,8,0.0398,8,0.0398,0,0,0,0,123,31,0.252,11,0.0894,0,0,5,0.0407,287,8,0.0279,1,0.0035,0,0,0,0,90,1,0.0111,0,0,0,0,0,0
19,179,7,0.0391,6,0.0335,0,0,0,0,95,19,0.2,4,0.0421,0,0,2,0.0211,233,10,0.0429,1,0.0043,1,0.0043,0,0,79,60,0.7595,23,0.2911,0,0,0,0
20,195,6,0.0308,0,0,0,0,0,0,75,13,0.1733,3,0.04,0,0,1,0.0133,257,3,0.0117,0,0,0,0,0,0,88,2,0.0227,0,0,0,0,0,0
21,124,14,0.1129,7,0.0565,0,0,0,0,105,29,0.2762,3,0.0286,0,0,0,0,133,9,0.0677,1,0.0075,0,0,0,0,76,0,0,0,0,0,0,0,0
22,152,10,0.0658,5,0.0329,0,0,3,0.0197,77,31,0.4026,2,0.026,0,0,6,0.0779,175,10,0.0571,2,0.0114,0,0,5,0.0286,81,32,0.3951,6,0.0741,0,0,3,0.037
23,68,9,0.1324,7,0.1029,0,0,2,0.0294,48,20,0.4167,2,0.0417,0,0,7,0.1458,96,7,0.0729,4,0.0417,0,0,4,0.0417,19,0,0,0,0,0,0,0,0
24,160,2,0.0125,2,0.0125,0,0,1,0.0063,87,30,0.3448,4,0.046,3,0.0345,12,0.1379,75,5,0.0667,0,0,0,0,1,0.0133,25,3,0.12,0,0,0,0,1,0.04
25,66,3,0.0455,6,0.0909,1,0.0152,0,0,61,22,0.3607,6,0.0984,0,0,7,0.1148,109,6,0.055,5,0.0459,0,0,2,0.0183,73,5,0.0685,2,0.0274,0,0,1,0.0137
26,533,22,0.0413,12,0.0225,1,0.0019,1,0.0019,177,35,0.1977,6,0.0339,0,0,2,0.0113,319,7,0.0219,1,0.0031,0,0,1,0.0031,151,46,0.3046,16,0.106,0,0,0,0
27,157,11,0.0701,20,0.1274,0,0,0,0,138,41,0.2971,14,0.1014,0,0,0,0,177,10,0.0565,5,0.0282,0,0,0,0,70,29,0.4143,9,0.1286,0,0,0,0
28,393,9,0.0229,23,0.0585,1,0.0025,0,0,155,37,0.2387,10,0.0645,0,0,6,0.0387,361,4,0.0111,7,0.0194,0,0,1,0.0028,158,72,0.4557,38,0.2405,0,0,12,0.0759
29,168,1,0.006,2,0.0119,0,0,0,0,103,23,0.2233,5,0.0485,0,0,0,0,112,8,0.0714,1,0.0089,0,0,0,0,83,0,0,0,0,0,0,0,0
30,80,4,0.05,9,0.1125,5,0.0625,0,0,20,10,0.5,2,0.1,1,0.05,2,0.1,6,0,0,0,0,0,0,0,0,3011,29,0.0096,19,0.0063,0,0,3,0.001
31,448,24,0.0536,30,0.067,0,0,4,0.0089,168,42,0.25,19,0.1131,1,0.006,7,0.0417,248,5,0.0202,5,0.0202,0,0,0,0,27,1,0.037,0,0,0,0,0,0
32,152,3,0.0197,2,0.0132,0,0,2,0.0132,90,21,0.2333,4,0.0444,0,0,2,0.0222,181,9,0.0497,3,0.0166,0,0,3,0.0166,23,0,0,0,0,0,0,0,0
33,122,8,0.0656,8,0.0656,0,0,0,0,78,11,0.141,3,0.0385,0,0,1,0.0128,122,3,0.0246,1,0.0082,0,0,0,0,19,4,0.2105,0,0,0,0,0,0
34,44,3,0.0682,3,0.0682,0,0,1,0.0227,71,18,0.2535,4,0.0563,0,0,2,0.0282,58,5,0.0862,3,0.0517,0,0,1,0.0172,52,0,0,0,0,0,0,0,0
35,158,7,0.0443,11,0.0696,0,0,0,0,106,30,0.283,6,0.0566,1,0.0094,3,0.0283,77,4,0.0519,1,0.013,0,0,0,0,19,0,0,0,0,0,0,0,0
36,126,3,0.0238,11,0.0873,0,0,1,0.0079,62,16,0.2581,5,0.0806,0,0,2,0.0323,55,4,0.0727,1,0.0182,0,0,1,0.0182,31,1,0.0323,0,0,0,0,0,0
37,350,20,0.0571,20,0.0571,0,0,7,0.02,143,26,0.1818,9,0.0629,0,0,6,0.042,73,4,0.0548,0,0,0,0,0,0,89,20,0.2247,1,0.0112,0,0,0,0
38,303,14,0.0462,23,0.0759,0,0,2,0.0066,94,27,0.2872,4,0.0426,0,0,4,0.0426,139,6,0.0432,0,0,0,0,0,0,21,5,0.2381,1,0.0476,0,0,0,0
39,100,5,0.05,4,0.04,0,0,2,0.02,39,7,0.1795,4,0.1026,0,0,1,0.0256,81,2,0.0247,0,0,0,0,0,0,22,2,0.0909,0,0,0,0,0,0
40,129,4,0.031,21,0.1628,0,0,1,0.0078,41,16,0.3902,3,0.0732,0,0,2,0.0488,35,1,0.0286,0,0,0,0,0,0,76,0,0,0,0,0,0,0,0
41,198,14,0.0707,6,0.0303,0,0,0,0,51,23,0.451,5,0.098,0,0,3,0.0588,56,1,0.0179,0,0,0,0,1,0.0179,10,0,0,0,0,0,0,0,0
42,221,17,0.0769,12,0.0543,1,0.0045,8,0.0362,70,17,0.2429,5,0.0714,0,0,5,0.0714,15,0,0,0,0,0,0,0,0,146,3,0.0205,0,0,0,0,1,0.0068
43,367,16,0.0436,32,0.0872,1,0.0027,0,0,229,45,0.1965,18,0.0786,1,0.0044,6,0.0262,302,8,0.0265,10,0.0331,0,0,0,0,90,26,0.2889,16,0.1778,0,0,4,0.0444
44,228,8,0.0351,17,0.0746,0,0,1,0.0044,247,63,0.2551,11,0.0445,0,0,14,0.0567,250,13,0.052,2,0.008,0,0,2,0.008,147,55,0.3741,30,0.2041,0,0,0,0
45,442,26,0.0588,27,0.0611,0,0,1,0.0023,192,71,0.3698,20,0.1042,0,0,21,0.1094,179,5,0.0279,2,0.0112,0,0,1,0.0056,13,1,0.0769,0,0,0,0,0,0
46,49,2,0.0408,4,0.0816,0,0,0,0,68,18,0.2647,4,0.0588,0,0,3,0.0441,43,3,0.0698,0,0,0,0,0,0,114,3,0.0263,1,0.0088,0,0,1,0.0088
47,248,10,0.0403,14,0.0565,0,0,1,0.004,154,38,0.2468,11,0.0714,1,0.0065,4,0.026,242,9,0.0372,3,0.0124,0,0,0,0,14,6,0.4286,0,0,0,0,0,0
48,111,8,0.0721,8,0.0721,0,0,2,0.018,93,32,0.3441,5,0.0538,0,0,5,0.0538,89,6,0.0674,1,0.0112,0,0,1,0.0112,19,5,0.2632,1,0.0526,0,0,0,0
49,94,7,0.0745,7,0.0745,0,0,3,0.0319,67,26,0.3881,1,0.0149,0,0,4,0.0597,114,7,0.0614,1,0.0088,0,0,0,0,24,5,0.2083,1,0.0417,0,0,0,0
50,94,3,0.0319,7,0.0745,1,0.0106,0,0,196,29,0.148,8,0.0408,1,0.0051,5,0.0255,207,3,0.0145,4,0.0193,0,0,1,0.0048,9,0,0,0,0,0,0,0,0
51,163,20,0.1227,17,0.1043,1,0.0061,12,0.0736,186,52,0.2796,11,0.0591,3,0.0161,13,0.0699,178,15,0.0843,1,0.0056,0,0,2,0.0112,51,17,0.3333,13,0.2549,0,0,0,0
52,111,7,0.0631,15,0.1351,0,0,0,0,111,33,0.2973,7,0.0631,0,0,0,0,157,10,0.0637,8,0.051,0,0,0,0,66,18,0.2727,2,0.0303,0,0,0,0
53,244,8,0.0328,19,0.0779,0,0,0,0,133,36,0.2707,9,0.0677,0,0,0,0,132,7,0.053,2,0.0152,0,0,0,0,43,1,0.0233,0,0,0,0,0,0
54,261,19,0.0728,28,0.1073,0,0,6,0.023,130,51,0.3923,8,0.0615,0,0,13,0.1,174,12,0.069,5,0.0287,0,0,3,0.0172,70,4,0.0571,0,0,0,0,0,0
55,322,16,0.0497,24,0.0745,1,0.0031,3,0.0093,167,50,0.2994,6,0.0359,0,0,11,0.0659,225,17,0.0756,3,0.0133,0,0,6,0.0267,69,0,0,0,0,0,0,0,0
56,155,8,0.0516,3,0.0194,0,0,1,0.0065,108,28,0.2593,8,0.0741,0,0,6,0.0556,147,8,0.0544,0,0,0,0,2,0.0136,12,1,0.0833,2,0.1667,0,0,0,0
57,28,2,0.0714,4,0.1429,0,0,0,0,25,9,0.36,1,0.04,0,0,0,0,33,3,0.0909,0,0,0,0,0,0,50,0,0,0,0,0,0,0,0
58,226,11,0.0487,20,0.0885,0,0,4,0.0177,152,46,0.3026,12,0.0789,0,0,9,0.0592,216,13,0.0602,6,0.0278,0,0,2,0.0093,61,1,0.0164,0,0,0,0,0,0
59,292,6,0.0205,29,0.0993,0,0,1,0.0034,235,98,0.417,17,0.0723,0,0,14,0.0596,315,30,0.0952,7,0.0222,0,0,1,0.0032,13,0,0,0,0,0,0,0,0
60,45,3,0.0667,1,0.0222,0,0,1,0.0222,33,18,0.5455,3,0.0909,0,0,1,0.0303,34,7,0.2059,0,0,0,0,0,0,8,0,0,0,0,0,0,0,0
61,67,1,0.0149,6,0.0896,0,0,0,0,46,24,0.5217,3,0.0652,0,0,4,0.087,41,2,0.0488,1,0.0244,0,0,0,0,13,4,0.3077,0,0,0,0,4,0.3077
62,189,7,0.037,21,0.1111,1,0.0053,3,0.0159,76,38,0.5,8,0.1053,2,0.0263,25,0.3289,11,1,0.0909,0,0,0,0,1,0.0909,60,39,0.65,0,0,0,0,0,0
63,354,13,0.0367,18,0.0508,0,0,2,0.0056,194,53,0.2732,11,0.0567,1,0.0052,6,0.0309,215,14,0.0651,5,0.0233,0,0,1,0.0047,41,26,0.6341,0,0,0,0,0,0
64,145,4,0.0276,15,0.1034,0,0,0,0,111,26,0.2342,11,0.0991,0,0,4,0.036,125,11,0.088,0,0,0,0,2,0.016,18,4,0.2222,1,0.0556,0,0,0,0
65,93,4,0.043,8,0.086,0,0,0,0,38,8,0.2105,0,0,0,0,2,0.0526,45,2,0.0444,1,0.0222,0,0,0,0,23,8,0.3478,0,0,0,0,1,0.0435
66,151,2,0.0132,12,0.0795,0,0,1,0.0066,46,15,0.3261,3,0.0652,0,0,3,0.0652,36,2,0.0556,0,0,0,0,1,0.0278,170,13,0.0765,0,0,0,0,0,0
67,360,16,0.0444,31,0.0861,1,0.0028,3,0.0083,257,52,0.2023,19,0.0739,4,0.0156,16,0.0623,370,8,0.0216,8,0.0216,0,0,3,0.0081,62,0,0,0,0,0,0,0,0
68,290,22,0.0759,36,0.1241,8,0.0276,1,0.0034,239,40,0.1674,24,0.1004,7,0.0293,7,0.0293,236,6,0.0254,4,0.0169,1,0.0042,0,0,201,0,0,0,0,0,0,0,0
69,466,2,0.0043,16,0.0343,0,0,1,0.0021,325,43,0.1323,11,0.0338,0,0,8,0.0246,407,7,0.0172,0,0,0,0,0,0,26,0,0,0,0,0,0,0,0
70,110,1,0.0091,2,0.0182,0,0,1,0.0091,53,10,0.1887,1,0.0189,0,0,2,0.0377,116,3,0.0259,3,0.0259,0,0,0,0,91,4,0.044,0,0,0,0,2,0.022
71,341,11,0.0323,15,0.044,0,0,2,0.0059,271,82,0.3026,8,0.0295,1,0.0037,8,0.0295,209,6,0.0287,3,0.0144,0,0,1,0.0048,51,2,0.0392,0,0,0,0,0,0
72,296,1,0.0034,5,0.0169,0,0,0,0,68,23,0.3382,3,0.0441,0,0,3,0.0441,81,6,0.0741,3,0.037,0,0,1,0.0123,21,12,0.5714,3,0.1429,0,0,2,0.0952
73,226,16,0.0708,10,0.0442,1,0.0044,5,0.0221,52,15,0.2885,4,0.0769,0,0,4,0.0769,71,5,0.0704,2,0.0282,0,0,0,0,51,0,0,0,0,0,0,0,0
74,129,3,0.0233,6,0.0465,0,0,1,0.0078,130,31,0.2385,4,0.0308,0,0,6,0.0462,122,7,0.0574,0,0,0,0,2,0.0164,11,0,0,0,0,0,0,0,0
75,102,3,0.0294,5,0.049,0,0,1,0.0098,95,24,0.2526,11,0.1158,0,0,6,0.0632,160,6,0.0375,4,0.025,0,0,3,0.0188,48,0,0,0,0,0,0,0,0
76,594,12,0.0202,24,0.0404,0,0,2,0.0034,337,75,0.2226,17,0.0504,0,0,13,0.0386,535,47,0.0879,13,0.0243,0,0,4,0.0075,154,2,0.013,0,0,0,0,0,0
77,399,45,0.1128,16,0.0401,1,0.0025,6,0.015,243,48,0.1975,12,0.0494,1,0.0041,6,0.0247,382,4,0.0105,4,0.0105,1,0.0026,0,0,44,5,0.1136,0,0,0,0,0,0
78,196,10,0.051,10,0.051,0,0,1,0.0051,69,20,0.2899,5,0.0725,0,0,2,0.029,104,3,0.0288,3,0.0288,0,0,0,0,78,0,0,0,0,0,0,0,0
79,209,4,0.0191,5,0.0239,0,0,1,0.0048,163,35,0.2147,9,0.0552,3,0.0184,8,0.0491,172,8,0.0465,1,0.0058,0,0,1,0.0058,33,1,0.0303,0,0,0,0,0,0
80,171,5,0.0292,8,0.0468,2,0.0117,3,0.0175,110,31,0.2818,9,0.0818,1,0.0091,2,0.0182,186,6,0.0323,2,0.0108,0,0,3,0.0161,23,14,0.6087,4,0.1739,0,0,0,0
81,195,9,0.0462,16,0.0821,0,0,3,0.0154,161,32,0.1988,7,0.0435,1,0.0062,8,0.0497,249,11,0.0442,3,0.012,1,0.004,3,0.012,30,8,0.2667,0,0,0,0,1,0.0333
82,71,3,0.0423,5,0.0704,0,0,0,0,78,12,0.1538,2,0.0256,0,0,4,0.0513,123,4,0.0325,1,0.0081,0,0,2,0.0163,33,0,0,0,0,0,0,0,0
83,407,13,0.0319,23,0.0565,1,0.0025,3,0.0074,41,4,0.0976,4,0.0976,0,0,1,0.0244,124,2,0.0161,1,0.0081,0,0,2,0.0161,29,0,0,0,0,0,0,0,0
84,316,4,0.0127,6,0.019,2,0.0063,0,0,139,23,0.1655,8,0.0576,2,0.0144,5,0.036,145,1,0.0069,3,0.0207,1,0.0069,0,0,3,1,0.3333,1,0.3333,0,0,0,0
85,45,3,0.0667,7,0.1556,0,0,3,0.0667,34,9,0.2647,1,0.0294,0,0,2,0.0588,93,7,0.0753,1,0.0108,0,0,1,0.0108,74,62,0.8378,25,0.3378,0,0,0,0
86,80,3,0.0375,0,0,0,0,0,0,50,22,0.44,0,0,0,0,5,0.1,5,0,0,0,0,0,0,0,0,93,45,0.4839,6,0.0645,0,0,0,0
87,237,10,0.0422,8,0.0338,2,0.0084,0,0,97,23,0.2371,10,0.1031,2,0.0206,3,0.0309,199,8,0.0402,6,0.0302,0,0,2,0.0101,32,0,0,0,0,0,0,0,0
88,475,14,0.0295,21,0.0442,1,0.0021,8,0.0168,380,95,0.25,18,0.0474,0,0,26,0.0684,516,24,0.0465,10,0.0194,0,0,7,0.0136,137,4,0.0292,0,0,0,0,0,0
89,272,3,0.011,12,0.0441,0,0,0,0,113,17,0.1504,6,0.0531,0,0,0,0,219,4,0.0183,2,0.0091,0,0,0,0,83,0,0,0,0,0,0,0,0
90,351,12,0.0342,10,0.0285,0,0,2,0.0057,247,49,0.1984,9,0.0364,0,0,8,0.0324,519,13,0.025,5,0.0096,0,0,2,0.0039,20,1,0.05,0,0,0,0,1,0.05
91,473,11,0.0233,17,0.0359,0,0,2,0.0042,99,35,0.3535,5,0.0505,0,0,6,0.0606,281,7,0.0249,5,0.0178,0,0,1,0.0036,24,6,0.25,5,0.2083,0,0,0,0
92,72,6,0.0833,5,0.0694,0,0,2,0.0278,58,23,0.3966,3,0.0517,0,0,5,0.0862,83,4,0.0482,2,0.0241,0,0,0,0,106,3,0.0283,0,0,0,0,0,0
93,139,9,0.0647,12,0.0863,1,0.0072,3,0.0216,95,29,0.3053,1,0.0105,0,0,5,0.0526,133,13,0.0977,1,0.0075,0,0,3,0.0226,71,32,0.4507,16,0.2254,0,0,8,0.1127
94,343,16,0.0466,42,0.1224,5,0.0146,4,0.0117,307,77,0.2508,22,0.0717,5,0.0163,18,0.0586,341,9,0.0264,7,0.0205,0,0,6,0.0176,53,0,0,0,0,0,0,0,0
95,346,6,0.0173,7,0.0202,0,0,1,0.0029,100,26,0.26,5,0.05,0,0,4,0.04,173,1,0.0058,1,0.0058,0,0,0,0,142,2,0.0141,0,0,0,0,0,0
96,131,2,0.0153,11,0.084,0,0,0,0,52,14,0.2692,3,0.0577,0,0,2,0.0385,65,1,0.0154,1,0.0154,0,0,0,0,114,59,0.5175,4,0.0351,0,0,2,0.0175
97,396,7,0.0177,15,0.0379,0,0,2,0.0051,237,31,0.1308,4,0.0169,0,0,6,0.0253,314,8,0.0255,0,0,0,0,2,0.0064,62,4,0.0645,0,0,0,0,0,0
98,347,24,0.0692,38,0.1095,2,0.0058,7,0.0202,214,46,0.215,13,0.0607,0,0,14,0.0654,375,4,0.0107,3,0.008,0,0,2,0.0053,33,0,0,0,0,0,0,0,0
99,175,8,0.0457,18,0.1029,0,0,2,0.0114,58,6,0.1034,6,0.1034,0,0,2,0.0345,120,3,0.025,1,0.0083,0,0,1,0.0083,104,47,0.4519,36,0.3462,0,0,0,0
100,159,7,0.044,21,0.1321,1,0.0063,3,0.0189,89,25,0.2809,2,0.0225,0,0,8,0.0899,68,9,0.1324,1,0.0147,0,0,2,0.0294,39,0,0,7,0.1795,1,0.0256,0,0
101,262,13,0.0496,34,0.1298,0,0,3,0.0115,112,18,0.1607,5,0.0446,0,0,5,0.0446,293,7,0.0239,3,0.0102,0,0,2,0.0068,161,10,0.0621,0,0,0,0,1,0.0062
102,185,2,0.0108,15,0.0811,3,0.0162,2,0.0108,62,3,0.0484,6,0.0968,2,0.0323,3,0.0484,113,0,0,3,0.0265,2,0.0177,0,0,90,0,0,0,0,0,0,0,0
103,390,21,0.0538,24,0.0615,3,0.0077,13,0.0333,240,53,0.2208,12,0.05,3,0.0125,21,0.0875,441,40,0.0907,21,0.0476,0,0,5,0.0113,75,21,0.28,27,0.36,0,0,0,0
104,158,0,0,2,0.0127,0,0,0,0,82,24,0.2927,3,0.0366,0,0,4,0.0488,143,3,0.021,1,0.007,0,0,1,0.007,1308,83,0.0635,0,0,0,0,1,0.0008
105,280,11,0.0393,40,0.1429,2,0.0071,2,0.0071,200,58,0.29,18,0.09,1,0.005,13,0.065,326,11,0.0337,8,0.0245,0,0,3,0.0092,55,0,0,0,0,0,0,0,0
106,581,29,0.0499,22,0.0379,2,0.0034,6,0.0103,386,82,0.2124,9,0.0233,1,0.0026,31,0.0803,660,15,0.0227,8,0.0121,0,0,6,0.0091,12,0,0,0,0,0,0,0,0
107,317,16,0.0505,32,0.1009,2,0.0063,7,0.0221,313,76,0.2428,18,0.0575,1,0.0032,21,0.0671,500,17,0.034,8,0.016,0,0,2,0.004,28,5,0.1786,3,0.1071,0,0,0,0
108,135,7,0.0519,6,0.0444,0,0,3,0.0222,43,11,0.2558,3,0.0698,0,0,8,0.186,26,1,0.0385,0,0,0,0,0,0,124,4,0.0323,4,0.0323,0,0,1,0.0081
109,281,4,0.0142,17,0.0605,1,0.0036,2,0.0071,44,10,0.2273,3,0.0682,1,0.0227,0,0,82,0,0,2,0.0244,0,0,0,0,75,2,0.0267,0,0,0,0,0,0
110,307,5,0.0163,19,0.0619,1,0.0033,1,0.0033,213,35,0.1643,16,0.0751,0,0,7,0.0329,417,6,0.0144,4,0.0096,0,0,1,0.0024,368,130,0.3533,88,0.2391,0,0,1,0.0027
111,317,8,0.0252,19,0.0599,4,0.0126,5,0.0158,144,35,0.2431,9,0.0625,0,0,5,0.0347,201,4,0.0199,7,0.0348,0,0,0,0,78,11,0.141,0,0,0,0,0,0
112,716,28,0.0391,40,0.0559,0,0,6,0.0084,423,45,0.1064,24,0.0567,5,0.0118,9,0.0213,663,22,0.0332,17,0.0256,1,0.0015,4,0.006,41,20,0.4878,11,0.2683,0,0,0,0
113,449,9,0.02,12,0.0267,0,0,0,0,299,60,0.2007,10,0.0334,1,0.0033,2,0.0067,570,6,0.0105,4,0.007,0,0,0,0,180,5,0.0278,1,0.0056,0,0,0,0
114,421,18,0.0428,26,0.0618,0,0,2,0.0048,227,77,0.3392,19,0.0837,0,0,21,0.0925,366,14,0.0383,6,0.0164,0,0,7,0.0191,120,8,0.0667,7,0.0583,2,0.0167,0,0
115,384,18,0.0469,54,0.1406,0,0,2,0.0052,179,41,0.2291,14,0.0782,1,0.0056,10,0.0559,269,6,0.0223,6,0.0223,1,0.0037,3,0.0112,586,108,0.1843,48,0.0819,0,0,2,0.0034
116,371,25,0.0674,23,0.062,7,0.0189,6,0.0162,214,42,0.1963,10,0.0467,1,0.0047,14,0.0654,291,6,0.0206,1,0.0034,0,0,2,0.0069,24,0,0,0,0,0,0,0,0
117,1262,95,0.0753,106,0.084,4,0.0032,3,0.0024,1102,187,0.1697,75,0.0681,0,0,10,0.0091,1479,27,0.0183,18,0.0122,0,0,0,0,14,0,0,0,0,0,0,0,0
118,223,9,0.0404,20,0.0897,2,0.009,1,0.0045,224,30,0.1339,13,0.058,4,0.0179,3,0.0134,278,5,0.018,3,0.0108,0,0,2,0.0072,95,52,0.5474,14,0.1474,0,0,0,0
119,192,15,0.0781,13,0.0677,2,0.0104,4,0.0208,137,55,0.4015,9,0.0657,2,0.0146,22,0.1606,68,2,0.0294,0,0,0,0,1,0.0147,9,3,0.3333,1,0.1111,0,0,0,0
120,558,21,0.0376,37,0.0663,0,0,0,0,396,68,0.1717,19,0.048,0,0,0,0,657,10,0.0152,6,0.0091,0,0,0,0,100,13,0.13,0,0,0,0,4,0.04
121,202,7,0.0347,10,0.0495,0,0,3,0.0149,117,40,0.3419,10,0.0855,0,0,7,0.0598,232,19,0.0819,5,0.0216,0,0,2,0.0086,145,53,0.3655,21,0.1448,0,0,0,0
122,586,18,0.0307,30,0.0512,1,0.0017,2,0.0034,494,75,0.1518,11,0.0223,2,0.004,17,0.0344,401,9,0.0224,7,0.0175,1,0.0025,0,0,54,0,0,1,0.0185,1,0.0185,0,0
123,511,18,0.0352,31,0.0607,1,0.002,0,0,519,70,0.1349,21,0.0405,0,0,1,0.0019,667,22,0.033,10,0.015,0,0,0,0,19,11,0.5789,1,0.0526,0,0,0,0
124,171,3,0.0175,8,0.0468,1,0.0058,0,0,147,27,0.1837,7,0.0476,0,0,7,0.0476,237,7,0.0295,4,0.0169,1,0.0042,3,0.0127,2,0,0,0,0,0,0,0,0
125,289,13,0.045,16,0.0554,0,0,4,0.0138,140,38,0.2714,7,0.05,0,0,11,0.0786,135,6,0.0444,2,0.0148,0,0,1,0.0074,114,62,0.5439,16,0.1404,0,0,0,0
126,105,3,0.0286,10,0.0952,0,0,1,0.0095,307,136,0.443,20,0.0651,0,0,68,0.2215,5,0,0,0,0,0,0,0,0,20,2,0.1,0,0,0,0,0,0
127,83,6,0.0723,18,0.2169,1,0.012,2,0.0241,70,18,0.2571,6,0.0857,0,0,4,0.0571,65,2,0.0308,4,0.0615,0,0,0,0,42,10,0.2381,9,0.2143,0,0,1,0.0238
128,194,9,0.0464,16,0.0825,1,0.0052,8,0.0412,74,14,0.1892,3,0.0405,1,0.0135,7,0.0946,60,2,0.0333,1,0.0167,1,0.0167,0,0,173,68,0.3931,14,0.0809,0,0,3,0.0173
129,651,10,0.0154,23,0.0353,0,0,1,0.0015,172,41,0.2384,13,0.0756,0,0,3,0.0174,206,5,0.0243,2,0.0097,0,0,2,0.0097,164,1,0.0061,0,0,0,0,0,0
130,812,31,0.0382,30,0.0369,0,0,4,0.0049,657,122,0.1857,22,0.0335,0,0,23,0.035,631,15,0.0238,6,0.0095,0,0,2,0.0032,100,11,0.11,5,0.05,0,0,0,0
131,310,8,0.0258,30,0.0968,1,0.0032,1,0.0032,237,37,0.1561,12,0.0506,2,0.0084,7,0.0295,305,15,0.0492,4,0.0131,0,0,3,0.0098,72,4,0.0556,0,0,0,0,0,0
132,253,16,0.0632,40,0.1581,0,0,1,0.004,145,29,0.2,10,0.069,2,0.0138,4,0.0276,406,11,0.0271,7,0.0172,0,0,2,0.0049,181,2,0.011,1,0.0055,0,0,0,0
133,1754,16,0.0091,0,0,0,0,2,0.0011,256,55,0.2148,0,0,0,0,14,0.0547,600,10,0.0167,0,0,0,0,1,0.0017,37,0,0,0,0,0,0,0,0
134,508,19,0.0374,28,0.0551,6,0.0118,7,0.0138,331,58,0.1752,31,0.0937,10,0.0302,19,0.0574,624,20,0.0321,14,0.0224,5,0.008,7,0.0112,110,0,0,0,0,0,0,0,0
135,177,0,0,3,0.0169,0,0,0,0,54,10,0.1852,1,0.0185,0,0,0,0,145,4,0.0276,1,0.0069,0,0,0,0,46,0,0,0,0,0,0,0,0
136,263,15,0.057,18,0.0684,0,0,4,0.0152,123,24,0.1951,5,0.0407,0,0,7,0.0569,379,2,0.0053,4,0.0106,1,0.0026,0,0,175,87,0.4971,2,0.0114,1,0.0057,28,0.16
137,444,9,0.0203,18,0.0405,2,0.0045,0,0,38,7,0.1842,2,0.0526,0,0,2,0.0526,113,4,0.0354,3,0.0265,0,0,1,0.0088,113,2,0.0177,0,0,0,0,0,0
138,252,17,0.0675,29,0.1151,1,0.004,5,0.0198,280,39,0.1393,20,0.0714,1,0.0036,11,0.0393,399,10,0.0251,4,0.01,0,0,3,0.0075,49,3,0.0612,0,0,0,0,1,0.0204
139,444,10,0.0225,30,0.0676,0,0,2,0.0045,288,50,0.1736,25,0.0868,1,0.0035,9,0.0313,479,13,0.0271,3,0.0063,0,0,2,0.0042,224,1,0.0045,1,0.0045,1,0.0045,1,0.0045
140,121,7,0.0579,8,0.0661,0,0,2,0.0165,102,23,0.2255,6,0.0588,0,0,4,0.0392,134,9,0.0672,1,0.0075,0,0,2,0.0149,135,4,0.0296,1,0.0074,0,0,2,0.0148
141,400,16,0.04,49,0.1225,6,0.015,1,0.0025,424,48,0.1132,23,0.0542,3,0.0071,9,0.0212,422,3,0.0071,7,0.0166,0,0,1,0.0024,606,107,0.1766,71,0.1172,10,0.0165,53,0.0875
142,438,20,0.0457,22,0.0502,1,0.0023,2,0.0046,21,6,0.2857,1,0.0476,0,0,0,0,676,26,0.0385,7,0.0104,0,0,4,0.0059,236,8,0.0339,0,0,0,0,6,0.0254
143,1101,24,0.0218,29,0.0263,4,0.0036,8,0.0073,560,77,0.1375,31,0.0554,5,0.0089,22,0.0393,715,6,0.0084,9,0.0126,1,0.0014,4,0.0056,266,2,0.0075,0,0,0,0,0,0
144,288,17,0.059,22,0.0764,1,0.0035,4,0.0139,277,39,0.1408,15,0.0542,1,0.0036,7,0.0253,690,19,0.0275,15,0.0217,0,0,4,0.0058,48,6,0.125,0,0,0,0,2,0.0417
145,647,27,0.0417,56,0.0866,4,0.0062,5,0.0077,646,123,0.1904,43,0.0666,1,0.0015,27,0.0418,785,23,0.0293,12,0.0153,1,0.0013,7,0.0089,106,3,0.0283,0,0,0,0,0,0
146,309,14,0.0453,13,0.0421,1,0.0032,11,0.0356,277,78,0.2816,20,0.0722,0,0,27,0.0975,318,11,0.0346,2,0.0063,0,0,1,0.0031,302,7,0.0232,0,0,0,0,4,0.0132
147,271,16,0.059,26,0.0959,0,0,6,0.0221,133,23,0.1729,11,0.0827,2,0.015,7,0.0526,237,5,0.0211,5,0.0211,1,0.0042,0,0,137,1,0.0073,0,0,0,0,0,0
148,376,9,0.0239,2,0.0053,0,0,2,0.0053,198,23,0.1162,3,0.0152,1,0.0051,7,0.0354,332,2,0.006,2,0.006,0,0,0,0,346,0,0,1,0.0029,1,0.0029,0,0
149,516,9,0.0174,23,0.0446,1,0.0019,4,0.0078,481,72,0.1497,24,0.0499,6,0.0125,21,0.0437,691,19,0.0275,13,0.0188,4,0.0058,5,0.0072,13,0,0,0,0,0,0,0,0
150,136,2,0.0147,12,0.0882,0,0,2,0.0147,133,19,0.1429,5,0.0376,0,0,5,0.0376,224,4,0.0179,3,0.0134,0,0,1,0.0045,7,3,0.4286,2,0.2857,0,0,1,0.1429
151,925,16,0.0173,28,0.0303,5,0.0054,4,0.0043,497,33,0.0664,11,0.0221,2,0.004,12,0.0241,673,14,0.0208,8,0.0119,1,0.0015,8,0.0119,139,30,0.2158,14,0.1007,0,0,0,0
152,74,2,0.027,6,0.0811,0,0,0,0,74,19,0.2568,13,0.1757,0,0,0,0,78,0,0,1,0.0128,0,0,0,0,59,0,0,0,0,0,0,0,0
153,152,17,0.1118,23,0.1513,1,0.0066,7,0.0461,170,62,0.3647,14,0.0824,0,0,17,0.1,132,11,0.0833,6,0.0455,0,0,3,0.0227,17,7,0.4118,7,0.4118,0,0,0,0
154,392,12,0.0306,16,0.0408,0,0,3,0.0077,237,40,0.1688,7,0.0295,0,0,12,0.0506,428,12,0.028,6,0.014,0,0,3,0.007,14,0,0,0,0,0,0,0,0
155,224,6,0.0268,10,0.0446,0,0,1,0.0045,115,15,0.1304,8,0.0696,1,0.0087,4,0.0348,137,7,0.0511,3,0.0219,0,0,1,0.0073,1,0,0,0,0,0,0,0,0
156,240,18,0.075,20,0.0833,3,0.0125,7,0.0292,95,44,0.4632,3,0.0316,0,0,15,0.1579,46,6,0.1304,0,0,0,0,2,0.0435,387,0,0,0,0,0,0,0,0
157,199,4,0.0201,10,0.0503,2,0.0101,1,0.005,107,24,0.2243,5,0.0467,0,0,6,0.0561,236,9,0.0381,2,0.0085,1,0.0042,2,0.0085,2,0,0,0,0,0,0,0,0
158,75,1,0.0133,9,0.12,0,0,0,0,43,7,0.1628,3,0.0698,0,0,1,0.0233,52,0,0,1,0.0192,0,0,0,0,183,1,0.0055,0,0,0,0,1,0.0055
159,146,7,0.0479,16,0.1096,1,0.0068,2,0.0137,140,27,0.1929,7,0.05,1,0.0071,3,0.0214,159,6,0.0377,4,0.0252,0,0,0,0,289,15,0.0519,0,0,0,0,5,0.0173
160,379,3,0.0079,17,0.0449,1,0.0026,1,0.0026,42,4,0.0952,1,0.0238,1,0.0238,1,0.0238,95,1,0.0105,1,0.0105,0,0,1,0.0105,64,1,0.0156,0,0,0,0,0,0
161,358,23,0.0642,22,0.0615,3,0.0084,7,0.0196,155,34,0.2194,14,0.0903,3,0.0194,14,0.0903,290,9,0.031,4,0.0138,0,0,4,0.0138,18,0,0,0,0,0,0,0,0
162,561,17,0.0303,28,0.0499,10,0.0178,6,0.0107,438,63,0.1438,17,0.0388,4,0.0091,13,0.0297,577,15,0.026,9,0.0156,2,0.0035,4,0.0069,129,5,0.0388,0,0,0,0,0,0
163,178,8,0.0449,11,0.0618,0,0,0,0,165,50,0.303,10,0.0606,0,0,13,0.0788,206,7,0.034,2,0.0097,0,0,2,0.0097,75,4,0.0533,0,0,0,0,0,0
164,139,4,0.0288,15,0.1079,0,0,1,0.0072,199,58,0.2915,20,0.1005,1,0.005,15,0.0754,238,18,0.0756,6,0.0252,0,0,3,0.0126,102,11,0.1078,3,0.0294,0,0,1,0.0098
165,326,15,0.046,24,0.0736,5,0.0153,5,0.0153,160,27,0.1688,11,0.0688,4,0.025,7,0.0438,323,2,0.0062,4,0.0124,1,0.0031,1,0.0031,75,2,0.0267,0,0,0,0,0,0
166,138,3,0.0217,18,0.1304,0,0,0,0,102,33,0.3235,11,0.1078,1,0.0098,5,0.049,179,14,0.0782,3,0.0168,0,0,1,0.0056,50,28,0.56,12,0.24,0,0,0,0
167,262,10,0.0382,10,0.0382,0,0,2,0.0076,147,31,0.2109,10,0.068,0,0,3,0.0204,336,8,0.0238,8,0.0238,0,0,1,0.003,146,14,0.0959,5,0.0342,0,0,0,0
168,414,2,0.0048,8,0.0193,0,0,1,0.0024,84,20,0.2381,7,0.0833,0,0,5,0.0595,258,15,0.0581,1,0.0039,0,0,2,0.0078,10,0,0,0,0,0,0,0,0
169,116,14,0.1207,11,0.0948,0,0,3,0.0259,69,20,0.2899,8,0.1159,0,0,1,0.0145,169,11,0.0651,2,0.0118,0,0,0,0,86,9,0.1047,4,0.0465,0,0,1,0.0116
170,1427,32,0.0224,41,0.0287,0,0,6,0.0042,218,84,0.3853,21,0.0963,0,0,26,0.1193,490,51,0.1041,12,0.0245,0,0,11,0.0224,12,0,0,4,0.3333,0,0,0,0
171,114,7,0.0614,10,0.0877,1,0.0088,2,0.0175,45,14,0.3111,2,0.0444,0,0,5,0.1111,44,1,0.0227,0,0,0,0,0,0,21,0,0,0,0,0,0,0,0
172,175,10,0.0571,11,0.0629,0,0,3,0.0171,99,33,0.3333,6,0.0606,0,0,3,0.0303,225,13,0.0578,6,0.0267,0,0,2,0.0089,62,4,0.0645,0,0,0,0,2,0.0323
173,66,3,0.0455,10,0.1515,0,0,0,0,79,24,0.3038,4,0.0506,0,0,10,0.1266,138,5,0.0362,2,0.0145,0,0,0,0,120,6,0.05,0,0,0,0,2,0.0167
174,89,3,0.0337,17,0.191,0,0,1,0.0112,49,20,0.4082,4,0.0816,0,0,2,0.0408,179,6,0.0335,2,0.0112,0,0,2,0.0112,69,31,0.4493,4,0.058,0,0,0,0
175,387,6,0.0155,18,0.0465,0,0,1,0.0026,113,29,0.2566,9,0.0796,0,0,5,0.0442,271,10,0.0369,2,0.0074,0,0,4,0.0148,28,0,0,0,0,0,0,0,0
176,168,13,0.0774,15,0.0893,0,0,8,0.0476,167,41,0.2455,12,0.0719,0,0,6,0.0359,354,8,0.0226,8,0.0226,0,0,3,0.0085,85,10,0.1176,0,0,0,0,1,0.0118
177,100,3,0.03,9,0.09,2,0.02,0,0,92,19,0.2065,2,0.0217,0,0,3,0.0326,183,8,0.0437,5,0.0273,0,0,0,0,1,1,1,0,0,0,0,1,1
178,74,5,0.0676,4,0.0541,0,0,0,0,65,22,0.3385,3,0.0462,0,0,0,0,117,1,0.0085,1,0.0085,0,0,0,0,58,8,0.1379,0,0,0,0,0,0
179,172,8,0.0465,9,0.0523,0,0,2,0.0116,110,18,0.1636,3,0.0273,0,0,5,0.0455,363,7,0.0193,7,0.0193,0,0,1,0.0028,105,2,0.019,1,0.0095,0,0,0,0
180,93,3,0.0323,15,0.1613,4,0.043,1,0.0108,43,10,0.2326,6,0.1395,3,0.0698,6,0.1395,12,1,0.0833,0,0,0,0,0,0,36,2,0.0556,0,0,0,0,0,0
181,115,8,0.0696,4,0.0348,0,0,0,0,122,39,0.3197,7,0.0574,0,0,0,0,203,10,0.0493,6,0.0296,0,0,0,0,17,0,0,1,0.0588,0,0,0,0
182,257,8,0.0311,12,0.0467,0,0,2,0.0078,158,28,0.1772,4,0.0253,0,0,6,0.038,409,8,0.0196,5,0.0122,0,0,3,0.0073,54,28,0.5185,8,0.1481,0,0,0,0
183,124,4,0.0323,6,0.0484,2,0.0161,1,0.0081,93,26,0.2796,10,0.1075,0,0,5,0.0538,141,9,0.0638,1,0.0071,0,0,1,0.0071,84,0,0,0,0,0,0,0,0
184,81,2,0.0247,2,0.0247,0,0,0,0,109,28,0.2569,7,0.0642,0,0,2,0.0183,200,7,0.035,3,0.015,0,0,0,0,44,0,0,0,0,0,0,0,0
185,114,13,0.114,6,0.0526,0,0,2,0.0175,66,19,0.2879,6,0.0909,0,0,3,0.0455,187,7,0.0374,3,0.016,0,0,1,0.0053,34,0,0,0,0,0,0,0,0
186,334,13,0.0389,22,0.0659,0,0,2,0.006,199,50,0.2513,11,0.0553,2,0.0101,13,0.0653,339,5,0.0147,2,0.0059,0,0,1,0.0029,82,1,0.0122,0,0,0,0,0,0
187,149,1,0.0067,4,0.0268,0,0,0,0,201,60,0.2985,7,0.0348,0,0,13,0.0647,243,25,0.1029,3,0.0123,0,0,3,0.0123,80,0,0,0,0,0,0,0,0
188,181,7,0.0387,12,0.0663,0,0,1,0.0055,169,32,0.1893,7,0.0414,1,0.0059,9,0.0533,317,6,0.0189,5,0.0158,0,0,1,0.0032,43,0,0,0,0,0,0,0,0
189,171,8,0.0468,17,0.0994,0,0,0,0,118,20,0.1695,10,0.0847,0,0,5,0.0424,197,11,0.0558,5,0.0254,0,0,1,0.0051,77,0,0,0,0,0,0,0,0
190,371,5,0.0135,0,0,0,0,0,0,134,37,0.2761,7,0.0522,0,0,6,0.0448,333,11,0.033,3,0.009,0,0,3,0.009,18,15,0.8333,4,0.2222,0,0,0,0
191,159,0,0,7,0.044,0,0,0,0,102,25,0.2451,1,0.0098,0,0,8,0.0784,157,2,0.0127,3,0.0191,0,0,1,0.0064,54,0,0,0,0,0,0,0,0
192,292,14,0.0479,19,0.0651,1,0.0034,7,0.024,211,54,0.2559,18,0.0853,1,0.0047,12,0.0569,326,19,0.0583,7,0.0215,1,0.0031,4,0.0123,60,23,0.3833,2,0.0333,0,0,2,0.0333
193,154,7,0.0455,12,0.0779,0,0,7,0.0455,63,22,0.3492,6,0.0952,1,0.0159,10,0.1587,49,3,0.0612,1,0.0204,0,0,2,0.0408,89,4,0.0449,1,0.0112,0,0,2,0.0225
194,228,5,0.0219,3,0.0132,0,0,2,0.0088,105,27,0.2571,3,0.0286,1,0.0095,8,0.0762,132,12,0.0909,4,0.0303,0,0,0,0,15,9,0.6,3,0.2,0,0,0,0
195,194,8,0.0412,4,0.0206,0,0,1,0.0052,103,28,0.2718,7,0.068,0,0,7,0.068,129,4,0.031,4,0.031,0,0,1,0.0078,31,2,0.0645,2,0.0645,0,0,0,0
196,280,4,0.0143,14,0.05,1,0.0036,0,0,208,51,0.2452,11,0.0529,0,0,10,0.0481,276,5,0.0181,4,0.0145,0,0,2,0.0072,159,12,0.0755,2,0.0126,2,0.0126,7,0.044
197,136,8,0.0588,7,0.0515,0,0,0,0,94,30,0.3191,8,0.0851,0,0,8,0.0851,171,10,0.0585,7,0.0409,0,0,2,0.0117,35,9,0.2571,0,0,0,0,0,0
198,167,9,0.0539,30,0.1796,2,0.012,1,0.006,137,49,0.3577,17,0.1241,2,0.0146,8,0.0584,172,11,0.064,1,0.0058,0,0,2,0.0116,35,22,0.6286,16,0.4571,0,0,0,0
199,505,19,0.0376,31,0.0614,1,0.002,4,0.0079,171,36,0.2105,9,0.0526,0,0,12,0.0702,386,11,0.0285,4,0.0104,0,0,3,0.0078,114,87,0.7632,2,0.0175,0,0,0,0
200,257,4,0.0156,7,0.0272,0,0,1,0.0039,137,38,0.2774,3,0.0219,1,0.0073,5,0.0365,121,6,0.0496,4,0.0331,0,0,1,0.0083,124,33,0.2661,6,0.0484,0,0,0,0
201,110,14,0.1273,19,0.1727,0,0,7,0.0636,47,13,0.2766,5,0.1064,0,0,4,0.0851,40,1,0.025,2,0.05,0,0,1,0.025,16,1,0.0625,0,0,0,0,0,0
202,339,11,0.0324,8,0.0236,0,0,0,0,113,41,0.3628,9,0.0796,0,0,0,0,163,5,0.0307,1,0.0061,0,0,0,0,11,1,0.0909,0,0,0,0,0,0
203,164,4,0.0244,7,0.0427,0,0,2,0.0122,82,23,0.2805,6,0.0732,0,0,2,0.0244,137,3,0.0219,2,0.0146,0,0,2,0.0146,32,9,0.2813,10,0.3125,0,0,2,0.0625
204,99,0,0,7,0.0707,0,0,0,0,41,10,0.2439,2,0.0488,0,0,3,0.0732,45,0,0,1,0.0222,0,0,0,0,40,0,0,0,0,0,0,0,0
205,87,8,0.092,13,0.1494,0,0,4,0.046,92,29,0.3152,5,0.0543,0,0,7,0.0761,82,1,0.0122,2,0.0244,0,0,0,0,40,2,0.05,0,0,0,0,0,0
206,90,7,0.0778,13,0.1444,0,0,5,0.0556,64,23,0.3594,2,0.0313,0,0,5,0.0781,69,5,0.0725,2,0.029,0,0,2,0.029,111,0,0,0,0,0,0,0,0
207,116,3,0.0259,5,0.0431,0,0,0,0,91,32,0.3516,5,0.0549,0,0,8,0.0879,180,12,0.0667,9,0.05,0,0,2,0.0111,112,50,0.4464,33,0.2946,0,0,0,0
208,280,14,0.05,28,0.1,1,0.0036,4,0.0143,221,50,0.2262,10,0.0452,1,0.0045,9,0.0407,483,12,0.0248,1,0.0021,0,0,2,0.0041,17,0,0,0,0,0,0,0,0
209,845,3,0.0036,10,0.0118,0,0,0,0,140,32,0.2286,6,0.0429,1,0.0071,3,0.0214,332,8,0.0241,9,0.0271,0,0,2,0.006,71,1,0.0141,0,0,0,0,1,0.0141
210,622,17,0.0273,39,0.0627,0,0,4,0.0064,195,58,0.2974,16,0.0821,1,0.0051,10,0.0513,238,18,0.0756,7,0.0294,1,0.0042,3,0.0126,144,0,0,0,0,0,0,0,0
211,232,16,0.069,14,0.0603,1,0.0043,13,0.056,59,17,0.2881,6,0.1017,1,0.0169,6,0.1017,150,2,0.0133,0,0,0,0,1,0.0067,59,0,0,0,0,0,0,0,0
212,673,14,0.0208,26,0.0386,0,0,6,0.0089,134,26,0.194,1,0.0075,0,0,4,0.0299,315,12,0.0381,3,0.0095,0,0,2,0.0063,147,6,0.0408,0,0,0,0,2,0.0136
213,431,12,0.0278,39,0.0905,0,0,2,0.0046,318,50,0.1572,15,0.0472,3,0.0094,11,0.0346,460,9,0.0196,7,0.0152,1,0.0022,1,0.0022,73,1,0.0137,5,0.0685,1,0.0137,0,0
214,273,3,0.011,0,0,0,0,0,0,101,25,0.2475,0,0,0,0,0,0,232,5,0.0216,0,0,0,0,0,0,74,9,0.1216,15,0.2027,0,0,0,0
215,419,7,0.0167,34,0.0811,1,0.0024,0,0,370,37,0.1,18,0.0486,1,0.0027,2,0.0054,187,1,0.0053,3,0.016,0,0,0,0,32,3,0.0938,0,0,0,0,0,0
216,461,7,0.0152,26,0.0564,7,0.0152,4,0.0087,258,65,0.2519,23,0.0891,4,0.0155,14,0.0543,554,12,0.0217,6,0.0108,2,0.0036,2,0.0036,62,0,0,0,0,0,0,0,0
217,136,6,0.0441,10,0.0735,0,0,2,0.0147,147,31,0.2109,6,0.0408,1,0.0068,7,0.0476,222,12,0.0541,2,0.009,1,0.0045,3,0.0135,142,5,0.0352,0,0,0,0,4,0.0282
218,118,12,0.1017,9,0.0763,0,0,3,0.0254,102,29,0.2843,3,0.0294,0,0,7,0.0686,132,6,0.0455,0,0,0,0,0,0,169,1,0.0059,0,0,0,0,1,0.0059
219,253,6,0.0237,10,0.0395,0,0,2,0.0079,143,32,0.2238,7,0.049,1,0.007,8,0.0559,294,11,0.0374,3,0.0102,0,0,3,0.0102,49,2,0.0408,0,0,0,0,0,0
220,266,8,0.0301,28,0.1053,0,0,5,0.0188,245,53,0.2163,14,0.0571,0,0,9,0.0367,393,13,0.0331,10,0.0254,0,0,2,0.0051,21,0,0,0,0,0,0,0,0
221,317,15,0.0473,36,0.1136,1,0.0032,6,0.0189,381,65,0.1706,10,0.0262,1,0.0026,21,0.0551,368,10,0.0272,3,0.0082,0,0,1,0.0027,238,46,0.1933,6,0.0252,0,0,7,0.0294
222,283,6,0.0212,16,0.0565,1,0.0035,2,0.0071,169,33,0.1953,8,0.0473,1,0.0059,5,0.0296,279,9,0.0323,2,0.0072,0,0,0,0,39,19,0.4872,10,0.2564,0,0,0,0
223,190,12,0.0632,23,0.1211,9,0.0474,7,0.0368,72,32,0.4444,12,0.1667,5,0.0694,18,0.25,42,0,0,1,0.0238,0,0,0,0,186,14,0.0753,0,0,0,0,0,0
224,753,15,0.0199,43,0.0571,2,0.0027,6,0.008,520,78,0.15,22,0.0423,2,0.0038,25,0.0481,683,21,0.0307,10,0.0146,3,0.0044,5,0.0073,62,0,0,0,0,0,0,0,0
225,341,12,0.0352,20,0.0587,0,0,0,0,116,19,0.1638,8,0.069,0,0,0,0,186,5,0.0269,2,0.0108,0,0,0,0,159,10,0.0629,1,0.0063,0,0,0,0
226,1069,52,0.0486,68,0.0636,3,0.0028,8,0.0075,683,145,0.2123,25,0.0366,0,0,21,0.0307,964,47,0.0488,11,0.0114,0,0,8,0.0083,127,15,0.1181,0,0,0,0,4,0.0315
227,349,14,0.0401,27,0.0774,2,0.0057,3,0.0086,187,52,0.2781,6,0.0321,1,0.0053,9,0.0481,455,12,0.0264,8,0.0176,0,0,3,0.0066,49,2,0.0408,0,0,0,0,0,0
228,703,8,0.0114,33,0.0469,0,0,0,0,320,52,0.1625,15,0.0469,0,0,0,0,725,17,0.0234,8,0.011,0,0,0,0,132,17,0.1288,1,0.0076,1,0.0076,17,0.1288
229,327,1,0.0031,16,0.0489,2,0.0061,0,0,132,25,0.1894,6,0.0455,1,0.0076,3,0.0227,275,5,0.0182,2,0.0073,0,0,0,0,98,15,0.1531,5,0.051,1,0.0102,5,0.051
230,349,10,0.0287,15,0.043,1,0.0029,4,0.0115,197,62,0.3147,10,0.0508,1,0.0051,19,0.0964,490,9,0.0184,3,0.0061,0,0,2,0.0041,59,5,0.0847,0,0,0,0,5,0.0847
231,951,32,0.0336,29,0.0305,3,0.0032,25,0.0263,942,173,0.1837,25,0.0265,1,0.0011,52,0.0552,492,56,0.1138,16,0.0325,0,0,21,0.0427,3,2,0.6667,2,0.6667,0,0,0,0
232,195,6,0.0308,13,0.0667,0,0,0,0,56,13,0.2321,2,0.0357,0,0,4,0.0714,49,3,0.0612,1,0.0204,0,0,0,0,117,7,0.0598,0,0,0,0,3,0.0256
233,365,20,0.0548,19,0.0521,0,0,5,0.0137,120,28,0.2333,6,0.05,1,0.0083,8,0.0667,332,3,0.009,5,0.0151,1,0.003,0,0,147,0,0,0,0,0,0,0,0
234,147,14,0.0952,10,0.068,0,0,9,0.0612,57,25,0.4386,6,0.1053,0,0,14,0.2456,40,1,0.025,2,0.05,0,0,1,0.025,76,11,0.1447,0,0,0,0,4,0.0526
235,309,12,0.0388,17,0.055,4,0.0129,2,0.0065,188,37,0.1968,10,0.0532,2,0.0106,8,0.0426,321,3,0.0093,2,0.0062,1,0.0031,1,0.0031,104,34,0.3269,7,0.0673,0,0,8,0.0769
236,384,23,0.0599,35,0.0911,1,0.0026,2,0.0052,187,35,0.1872,10,0.0535,0,0,1,0.0053,349,3,0.0086,5,0.0143,0,0,0,0,146,43,0.2945,21,0.1438,1,0.0068,5,0.0342
237,189,11,0.0582,31,0.164,1,0.0053,3,0.0159,158,40,0.2532,12,0.0759,2,0.0127,12,0.0759,150,7,0.0467,2,0.0133,1,0.0067,0,0,41,16,0.3902,4,0.0976,0,0,1,0.0244
238,212,3,0.0142,10,0.0472,1,0.0047,0,0,137,46,0.3358,6,0.0438,2,0.0146,21,0.1533,148,0,0,0,0,0,0,0,0,123,38,0.3089,25,0.2033,1,0.0081,9,0.0732
239,390,17,0.0436,26,0.0667,1,0.0026,0,0,222,31,0.1396,6,0.027,0,0,6,0.027,334,12,0.0359,8,0.024,0,0,4,0.012,241,3,0.0124,0,0,0,0,0,0
240,134,9,0.0672,3,0.0224,0,0,2,0.0149,100,23,0.23,7,0.07,0,0,4,0.04,320,6,0.0188,6,0.0188,0,0,0,0,154,61,0.3961,10,0.0649,0,0,4,0.026
241,370,17,0.0459,48,0.1297,1,0.0027,9,0.0243,173,64,0.3699,8,0.0462,1,0.0058,16,0.0925,213,25,0.1174,3,0.0141,0,0,10,0.0469,28,0,0,0,0,0,0,0,0
242,500,4,0.008,24,0.048,1,0.002,0,0,496,130,0.2621,28,0.0565,2,0.004,31,0.0625,690,53,0.0768,11,0.0159,0,0,9,0.013,26,9,0.3462,13,0.5,0,0,0,0
243,417,14,0.0336,17,0.0408,4,0.0096,5,0.012,163,29,0.1779,6,0.0368,3,0.0184,5,0.0307,421,6,0.0143,3,0.0071,3,0.0071,3,0.0071,153,73,0.4771,0,0,0,0,1,0.0065
244,35,1,0.0286,5,0.1429,1,0.0286,0,0,46,12,0.2609,2,0.0435,0,0,0,0,75,5,0.0667,1,0.0133,0,0,1,0.0133,61,13,0.2131,10,0.1639,5,0.082,1,0.0164
245,52,4,0.0769,8,0.1538,0,0,1,0.0192,36,12,0.3333,5,0.1389,0,0,1,0.0278,53,3,0.0566,2,0.0377,0,0,1,0.0189,21,2,0.0952,0,0,0,0,0,0
246,320,8,0.025,3,0.0094,0,0,0,0,172,36,0.2093,4,0.0233,0,0,3,0.0174,429,6,0.014,1,0.0023,0,0,1,0.0023,90,2,0.0222,0,0,0,0,0,0
247,92,5,0.0543,28,0.3043,20,0.2174,1,0.0109,104,31,0.2981,16,0.1538,9,0.0865,11,0.1058,118,9,0.0763,5,0.0424,4,0.0339,2,0.0169,24,0,0,0,0,0,0,0,0
248,123,14,0.1138,6,0.0488,0,0,3,0.0244,122,44,0.3607,9,0.0738,0,0,16,0.1311,237,7,0.0295,2,0.0084,0,0,1,0.0042,22,13,0.5909,14,0.6364,0,0,0,0
249,96,5,0.0521,12,0.125,1,0.0104,2,0.0208,117,26,0.2222,9,0.0769,0,0,7,0.0598,160,7,0.0438,2,0.0125,0,0,2,0.0125,101,0,0,0,0,0,0,0,0
250,110,4,0.0364,11,0.1,0,0,2,0.0182,62,20,0.3226,3,0.0484,0,0,11,0.1774,48,2,0.0417,1,0.0208,0,0,0,0,39,0,0,0,0,0,0,0,0
251,48,5,0.1042,13,0.2708,0,0,3,0.0625,36,19,0.5278,4,0.1111,1,0.0278,9,0.25,58,3,0.0517,1,0.0172,0,0,0,0,101,2,0.0198,0,0,0,0,0,0
252,163,2,0.0123,10,0.0613,0,0,2,0.0123,126,18,0.1429,4,0.0317,0,0,5,0.0397,259,3,0.0116,3,0.0116,0,0,1,0.0039,21,0,0,0,0,0,0,0,0
253,231,6,0.026,5,0.0216,1,0.0043,0,0,66,19,0.2879,3,0.0455,0,0,2,0.0303,163,12,0.0736,4,0.0245,0,0,2,0.0123,44,19,0.4318,0,0,0,0,6,0.1364
254,125,7,0.056,9,0.072,0,0,1,0.008,108,23,0.213,6,0.0556,0,0,5,0.0463,238,10,0.042,7,0.0294,0,0,3,0.0126,389,6,0.0154,2,0.0051,1,0.0026,6,0.0154
255,106,1,0.0094,6,0.0566,1,0.0094,1,0.0094,114,27,0.2368,6,0.0526,1,0.0088,5,0.0439,120,4,0.0333,3,0.025,0,0,2,0.0167,77,0,0,0,0,0,0,0,0
256,103,1,0.0097,0,0,0,0,0,0,50,13,0.26,2,0.04,0,0,5,0.1,176,4,0.0227,4,0.0227,0,0,0,0,111,13,0.1171,0,0,0,0,0,0
257,481,8,0.0166,14,0.0291,2,0.0042,3,0.0062,444,97,0.2185,17,0.0383,7,0.0158,40,0.0901,619,12,0.0194,2,0.0032,2,0.0032,5,0.0081,18,8,0.4444,6,0.3333,0,0,0,0
258,688,13,0.0189,8,0.0116,0,0,5,0.0073,280,50,0.1786,5,0.0179,1,0.0036,14,0.05,491,8,0.0163,5,0.0102,1,0.002,3,0.0061,54,0,0,0,0,0,0,0,0
259,287,6,0.0209,8,0.0279,0,0,1,0.0035,207,35,0.1691,7,0.0338,1,0.0048,7,0.0338,389,12,0.0308,9,0.0231,0,0,1,0.0026,24,0,0,0,0,0,0,0,0
260,112,3,0.0268,3,0.0268,0,0,0,0,104,30,0.2885,8,0.0769,0,0,0,0,161,10,0.0621,4,0.0248,0,0,0,0,136,1,0.0074,0,0,0,0,1,0.0074
261,134,3,0.0224,6,0.0448,2,0.0149,2,0.0149,176,31,0.1761,10,0.0568,3,0.017,8,0.0455,225,10,0.0444,2,0.0089,1,0.0044,3,0.0133,42,10,0.2381,5,0.119,5,0.119,9,0.2143
262,106,11,0.1038,8,0.0755,1,0.0094,4,0.0377,94,27,0.2872,6,0.0638,0,0,8,0.0851,205,9,0.0439,4,0.0195,1,0.0049,4,0.0195,19,11,0.5789,2,0.1053,0,0,2,0.1053
263,718,26,0.0362,35,0.0487,7,0.0097,13,0.0181,528,53,0.1004,24,0.0455,5,0.0095,10,0.0189,518,11,0.0212,5,0.0097,3,0.0058,6,0.0116,55,1,0.0182,1,0.0182,0,0,0,0
264,223,4,0.0179,6,0.0269,1,0.0045,3,0.0135,115,26,0.2261,11,0.0957,6,0.0522,15,0.1304,45,0,0,0,0,0,0,0,0,77,0,0,0,0,0,0,0,0
265,81,8,0.0988,6,0.0741,0,0,1,0.0123,53,19,0.3585,3,0.0566,0,0,5,0.0943,107,7,0.0654,2,0.0187,0,0,2,0.0187,74,0,0,0,0,0,0,0,0
266,166,0,0,7,0.0422,0,0,0,0,88,32,0.3636,11,0.125,1,0.0114,7,0.0795,129,7,0.0543,3,0.0233,0,0,0,0,31,0,0,0,0,0,0,0,0
267,257,7,0.0272,17,0.0661,0,0,3,0.0117,390,71,0.1821,18,0.0462,0,0,23,0.059,473,6,0.0127,10,0.0211,0,0,2,0.0042,1430,4,0.0028,2,0.0014,0,0,2,0.0014
268,339,12,0.0354,22,0.0649,0,0,1,0.0029,255,63,0.2471,6,0.0235,1,0.0039,18,0.0706,533,12,0.0225,8,0.015,0,0,4,0.0075,70,1,0.0143,0,0,0,0,0,0
269,266,17,0.0639,37,0.1391,4,0.015,9,0.0338,184,36,0.1957,9,0.0489,2,0.0109,15,0.0815,209,6,0.0287,3,0.0144,1,0.0048,1,0.0048,247,108,0.4372,36,0.1457,3,0.0121,24,0.0972
270,811,12,0.0148,22,0.0271,5,0.0062,3,0.0037,308,53,0.1721,10,0.0325,0,0,17,0.0552,420,23,0.0548,4,0.0095,0,0,5,0.0119,162,5,0.0309,0,0,0,0,4,0.0247
271,568,25,0.044,22,0.0387,1,0.0018,6,0.0106,122,18,0.1475,3,0.0246,0,0,7,0.0574,182,2,0.011,1,0.0055,0,0,0,0,56,9,0.1607,4,0.0714,1,0.0179,2,0.0357
272,785,37,0.0471,42,0.0535,6,0.0076,10,0.0127,433,76,0.1755,21,0.0485,4,0.0092,24,0.0554,688,21,0.0305,7,0.0102,0,0,4,0.0058,26,4,0.1538,1,0.0385,1,0.0385,3,0.1154
273,395,29,0.0734,31,0.0785,4,0.0101,7,0.0177,233,50,0.2146,12,0.0515,2,0.0086,16,0.0687,427,14,0.0328,2,0.0047,0,0,2,0.0047,58,0,0,0,0,0,0,0,0
274,208,8,0.0385,12,0.0577,0,0,3,0.0144,70,22,0.3143,4,0.0571,1,0.0143,3,0.0429,136,5,0.0368,2,0.0147,0,0,0,0,5,0,0,0,0,0,0,0,0
275,568,10,0.0176,20,0.0352,1,0.0018,5,0.0088,296,36,0.1216,13,0.0439,5,0.0169,14,0.0473,103,2,0.0194,1,0.0097,1,0.0097,1,0.0097,24,0,0,0,0,0,0,0,0
276,177,1,0.0056,9,0.0508,0,0,0,0,100,23,0.23,5,0.05,1,0.01,5,0.05,132,7,0.053,3,0.0227,0,0,3,0.0227,153,2,0.0131,0,0,0,0,2,0.0131
277,393,5,0.0127,6,0.0153,0,0,3,0.0076,50,6,0.12,3,0.06,0,0,3,0.06,82,1,0.0122,0,0,0,0,0,0,108,8,0.0741,0,0,0,0,0,0
278,97,5,0.0515,16,0.1649,1,0.0103,1,0.0103,143,37,0.2587,12,0.0839,1,0.007,12,0.0839,163,7,0.0429,5,0.0307,2,0.0123,4,0.0245,63,5,0.0794,2,0.0317,2,0.0317,5,0.0794
279,503,17,0.0338,22,0.0437,4,0.008,5,0.0099,315,71,0.2254,24,0.0762,5,0.0159,17,0.054,626,26,0.0415,12,0.0192,1,0.0016,4,0.0064,28,0,0,0,0,0,0,0,0
280,269,23,0.0855,23,0.0855,3,0.0112,3,0.0112,372,100,0.2688,16,0.043,2,0.0054,24,0.0645,347,36,0.1037,16,0.0461,2,0.0058,7,0.0202,83,0,0,0,0,0,0,0,0
281,430,35,0.0814,29,0.0674,6,0.014,8,0.0186,445,83,0.1865,24,0.0539,3,0.0067,22,0.0494,662,10,0.0151,7,0.0106,2,0.003,5,0.0076,210,0,0,0,0,0,0,0,0
282,342,3,0.0088,17,0.0497,8,0.0234,1,0.0029,273,48,0.1758,15,0.0549,7,0.0256,9,0.033,373,7,0.0188,8,0.0214,4,0.0107,1,0.0027,46,0,0,0,0,0,0,0,0
283,487,14,0.0287,17,0.0349,0,0,5,0.0103,223,34,0.1525,13,0.0583,3,0.0135,13,0.0583,511,6,0.0117,2,0.0039,0,0,2,0.0039,66,1,0.0152,0,0,0,0,0,0
284,93,6,0.0645,8,0.086,0,0,3,0.0323,80,30,0.375,7,0.0875,1,0.0125,15,0.1875,97,9,0.0928,2,0.0206,0,0,4,0.0412,25,0,0,0,0,0,0,0,0
285,164,11,0.0671,14,0.0854,1,0.0061,0,0,186,30,0.1613,11,0.0591,0,0,2,0.0108,250,5,0.02,2,0.008,0,0,1,0.004,184,11,0.0598,1,0.0054,0,0,1,0.0054
286,110,4,0.0364,11,0.1,0,0,2,0.0182,102,25,0.2451,10,0.098,1,0.0098,6,0.0588,117,6,0.0513,5,0.0427,1,0.0085,1,0.0085,1654,5,0.003,0,0,0,0,0,0
287,305,2,0.0066,7,0.023,4,0.0131,2,0.0066,144,43,0.2986,17,0.1181,4,0.0278,18,0.125,41,1,0.0244,0,0,0,0,0,0,18,1,0.0556,0,0,0,0,0,0
288,511,39,0.0763,42,0.0822,4,0.0078,9,0.0176,317,63,0.1987,29,0.0915,4,0.0126,20,0.0631,529,9,0.017,8,0.0151,1,0.0019,2,0.0038,21,0,0,0,0,0,0,0,0
289,239,19,0.0795,31,0.1297,2,0.0084,4,0.0167,152,34,0.2237,12,0.0789,2,0.0132,8,0.0526,258,12,0.0465,6,0.0233,1,0.0039,2,0.0078,21,1,0.0476,0,0,0,0,0,0
290,139,8,0.0576,6,0.0432,1,0.0072,3,0.0216,89,30,0.3371,7,0.0787,1,0.0112,8,0.0899,121,4,0.0331,1,0.0083,0,0,0,0,1,0,0,0,0,0,0,0,0
291,65,4,0.0615,7,0.1077,0,0,1,0.0154,62,15,0.2419,3,0.0484,0,0,5,0.0806,93,14,0.1505,3,0.0323,0,0,7,0.0753,129,0,0,0,0,0,0,0,0
292,137,6,0.0438,20,0.146,6,0.0438,0,0,68,22,0.3235,6,0.0882,3,0.0441,12,0.1765,45,1,0.0222,0,0,0,0,0,0,60,0,0,0,0,0,0,0,0
293,135,1,0.0074,14,0.1037,2,0.0148,0,0,111,33,0.2973,9,0.0811,1,0.009,6,0.0541,135,5,0.037,2,0.0148,0,0,2,0.0148,81,0,0,0,0,0,0,0,0
294,19,1,0.0526,1,0.0526,0,0,0,0,9,2,0.2222,0,0,0,0,2,0.2222,2,0,0,0,0,0,0,0,0,7,1,0.1429,0,0,0,0,1,0.1429
295,516,15,0.0291,23,0.0446,3,0.0058,4,0.0078,469,57,0.1215,17,0.0362,0,0,14,0.0299,326,6,0.0184,10,0.0307,0,0,1,0.0031,11,2,0.1818,0,0,0,0,0,0
296,73,1,0.0137,6,0.0822,0,0,0,0,95,28,0.2947,8,0.0842,0,0,4,0.0421,132,10,0.0758,2,0.0152,0,0,1,0.0076,85,1,0.0118,0,0,0,0,0,0
297,115,0,0,6,0.0522,0,0,0,0,147,1,0.0068,10,0.068,0,0,1,0.0068,203,0,0,4,0.0197,0,0,0,0,78,0,0,0,0,0,0,0,0
298,103,4,0.0388,0,0,0,0,3,0.0291,17,3,0.1765,0,0,0,0,3,0.1765,8,0,0,0,0,0,0,0,0,57,0,0,0,0,0,0,0,0
299,79,5,0.0633,11,0.1392,0,0,0,0,52,15,0.2885,6,0.1154,0,0,5,0.0962,82,5,0.061,0,0,0,0,0,0,246,87,0.3537,0,0,0,0,8,0.0325
300,461,4,0.0087,19,0.0412,1,0.0022,0,0,337,56,0.1662,8,0.0237,1,0.003,20,0.0593,409,11,0.0269,3,0.0073,1,0.0024,0,0,28,7,0.25,0,0,0,0,0,0
301,287,4,0.0139,17,0.0592,3,0.0105,2,0.007,170,39,0.2294,12,0.0706,3,0.0176,14,0.0824,279,8,0.0287,4,0.0143,1,0.0036,4,0.0143,31,0,0,0,0,0,0,0,0
302,150,7,0.0467,13,0.0867,1,0.0067,4,0.0267,64,16,0.25,3,0.0469,0,0,4,0.0625,118,11,0.0932,5,0.0424,0,0,3,0.0254,29,0,0,0,0,0,0,0,0
303,331,20,0.0604,17,0.0514,1,0.003,7,0.0211,296,90,0.3041,12,0.0405,2,0.0068,35,0.1182,328,16,0.0488,0,0,0,0,6,0.0183,54,0,0,0,0,0,0,0,0
304,49,5,0.102,7,0.1429,0,0,3,0.0612,55,19,0.3455,5,0.0909,0,0,4,0.0727,28,4,0.1429,1,0.0357,0,0,1,0.0357,5,2,0.4,0,0,0,0,0,0
305,90,3,0.0333,7,0.0778,0,0,2,0.0222,58,25,0.431,3,0.0517,1,0.0172,3,0.0517,88,4,0.0455,1,0.0114,0,0,0,0,8,0,0,0,0,0,0,0,0
306,136,5,0.0368,5,0.0368,0,0,4,0.0294,132,36,0.2727,5,0.0379,1,0.0076,18,0.1364,132,7,0.053,1,0.0076,0,0,7,0.053,332,10,0.0301,0,0,0,0,3,0.009
307,141,1,0.0071,22,0.156,0,0,0,0,125,39,0.312,6,0.048,0,0,9,0.072,101,5,0.0495,7,0.0693,0,0,2,0.0198,338,10,0.0296,0,0,0,0,8,0.0237
308,53,1,0.0189,4,0.0755,0,0,1,0.0189,61,25,0.4098,8,0.1311,2,0.0328,5,0.082,79,5,0.0633,1,0.0127,0,0,2,0.0253,141,24,0.1702,8,0.0567,8,0.0567,23,0.1631
309,161,13,0.0807,18,0.1118,0,0,2,0.0124,45,21,0.4667,4,0.0889,0,0,11,0.2444,32,1,0.0313,0,0,0,0,1,0.0313,742,89,0.1199,24,0.0323,0,0,0,0
310,622,35,0.0563,44,0.0707,1,0.0016,2,0.0032,124,21,0.1694,5,0.0403,1,0.0081,5,0.0403,936,17,0.0182,11,0.0118,3,0.0032,4,0.0043,56,1,0.0179,0,0,0,0,0,0
311,682,11,0.0161,39,0.0572,3,0.0044,3,0.0044,265,47,0.1774,12,0.0453,4,0.0151,21,0.0792,343,10,0.0292,6,0.0175,0,0,5,0.0146,73,0,0,0,0,0,0,0,0
312,284,51,0.1796,34,0.1197,13,0.0458,24,0.0845,212,67,0.316,22,0.1038,18,0.0849,36,0.1698,62,4,0.0645,1,0.0161,0,0,1,0.0161,53,2,0.0377,0,0,0,0,0,0
313,347,36,0.1037,50,0.1441,0,0,0,0,476,105,0.2206,27,0.0567,0,0,0,0,712,36,0.0506,14,0.0197,0,0,0,0,44,0,0,0,0,0,0,0,0
314,169,3,0.0178,8,0.0473,0,0,0,0,114,30,0.2632,4,0.0351,0,0,5,0.0439,111,7,0.0631,0,0,0,0,1,0.009,42,0,0,0,0,0,0,0,0
315,170,10,0.0588,13,0.0765,2,0.0118,3,0.0176,156,31,0.1987,6,0.0385,1,0.0064,14,0.0897,354,16,0.0452,3,0.0085,1,0.0028,10,0.0282,32,2,0.0625,0,0,0,0,0,0
316,151,3,0.0199,8,0.053,0,0,1,0.0066,63,18,0.2857,3,0.0476,1,0.0159,8,0.127,317,9,0.0284,3,0.0095,1,0.0032,2,0.0063,55,18,0.3273,1,0.0182,0,0,5,0.0909
317,166,9,0.0542,12,0.0723,0,0,5,0.0301,184,60,0.3261,16,0.087,0,0,28,0.1522,198,23,0.1162,6,0.0303,0,0,10,0.0505,108,0,0,0,0,0,0,0,0
318,145,3,0.0207,9,0.0621,0,0,1,0.0069,75,22,0.2933,3,0.04,1,0.0133,4,0.0533,94,4,0.0426,1,0.0106,0,0,0,0,20,0,0,0,0,0,0,0,0
319,117,2,0.0171,8,0.0684,1,0.0085,1,0.0085,87,21,0.2414,2,0.023,0,0,9,0.1034,112,4,0.0357,1,0.0089,0,0,1,0.0089,164,9,0.0549,1,0.0061,1,0.0061,3,0.0183
320,150,14,0.0933,18,0.12,0,0,8,0.0533,109,33,0.3028,9,0.0826,1,0.0092,14,0.1284,170,11,0.0647,4,0.0235,0,0,2,0.0118,166,50,0.3012,17,0.1024,0,0,2,0.012
321,373,11,0.0295,38,0.1019,1,0.0027,5,0.0134,236,56,0.2373,17,0.072,2,0.0085,27,0.1144,302,12,0.0397,3,0.0099,0,0,7,0.0232,82,45,0.5488,10,0.122,0,0,3,0.0366
322,271,11,0.0406,9,0.0332,1,0.0037,4,0.0148,50,7,0.14,4,0.08,0,0,4,0.08,76,4,0.0526,0,0,0,0,0,0,12,0,0,0,0,0,0,0,0
323,327,12,0.0367,9,0.0275,1,0.0031,3,0.0092,92,26,0.2826,9,0.0978,1,0.0109,8,0.087,143,2,0.014,2,0.014,0,0,0,0,32,15,0.4688,7,0.2188,0,0,0,0
324,500,20,0.04,13,0.026,0,0,4,0.008,185,25,0.1351,4,0.0216,0,0,1,0.0054,38,0,0,0,0,0,0,0,0,17,9,0.5294,1,0.0588,0,0,0,0
325,259,24,0.0927,36,0.139,1,0.0039,3,0.0116,162,39,0.2407,9,0.0556,3,0.0185,11,0.0679,225,4,0.0178,4,0.0178,0,0,0,0,150,8,0.0533,0,0,0,0,1,0.0067
326,108,5,0.0463,2,0.0185,0,0,2,0.0185,24,11,0.4583,4,0.1667,0,0,10,0.4167,16,1,0.0625,1,0.0625,0,0,1,0.0625,123,49,0.3984,7,0.0569,1,0.0081,8,0.065
327,159,15,0.0943,17,0.1069,0,0,3,0.0189,35,8,0.2286,2,0.0571,0,0,1,0.0286,222,12,0.0541,4,0.018,1,0.0045,2,0.009,191,56,0.2932,12,0.0628,0,0,9,0.0471
328,193,18,0.0933,16,0.0829,2,0.0104,11,0.057,114,35,0.307,7,0.0614,0,0,9,0.0789,161,6,0.0373,6,0.0373,0,0,1,0.0062,23,4,0.1739,0,0,0,0,1,0.0435
329,213,10,0.0469,11,0.0516,1,0.0047,3,0.0141,191,36,0.1885,11,0.0576,0,0,11,0.0576,319,7,0.0219,4,0.0125,2,0.0063,0,0,64,13,0.2031,5,0.0781,0,0,3,0.0469
330,228,5,0.0219,13,0.057,0,0,2,0.0088,140,29,0.2071,6,0.0429,0,0,3,0.0214,320,6,0.0188,3,0.0094,0,0,3,0.0094,57,1,0.0175,0,0,0,0,0,0
331,427,6,0.0141,19,0.0445,0,0,4,0.0094,303,48,0.1584,11,0.0363,0,0,14,0.0462,438,9,0.0205,4,0.0091,0,0,1,0.0023,14,1,0.0714,0,0,0,0,1,0.0714
332,229,4,0.0175,0,0,0,0,1,0.0044,93,15,0.1613,0,0,0,0,3,0.0323,224,11,0.0491,0,0,0,0,0,0,15,6,0.4,0,0,0,0,2,0.1333
333,254,11,0.0433,16,0.063,4,0.0157,4,0.0157,212,51,0.2406,13,0.0613,0,0,17,0.0802,359,17,0.0474,9,0.0251,0,0,3,0.0084,13,6,0.4615,4,0.3077,0,0,0,0
334,330,24,0.0727,30,0.0909,0,0,8,0.0242,188,56,0.2979,13,0.0691,1,0.0053,12,0.0638,439,32,0.0729,14,0.0319,1,0.0023,9,0.0205,28,0,0,0,0,0,0,0,0
335,126,8,0.0635,3,0.0238,0,0,2,0.0159,32,6,0.1875,1,0.0313,0,0,1,0.0313,59,1,0.0169,0,0,0,0,0,0,14,11,0.7857,4,0.2857,0,0,1,0.0714
336,237,15,0.0633,19,0.0802,0,0,10,0.0422,139,21,0.1511,0,0,0,0,5,0.036,84,2,0.0238,0,0,0,0,0,0,249,32,0.1285,19,0.0763,5,0.0201,10,0.0402
337,76,7,0.0921,7,0.0921,0,0,2,0.0263,66,31,0.4697,7,0.1061,0,0,22,0.3333,9,0,0,0,0,0,0,0,0,16,3,0.1875,1,0.0625,0,0,0,0
338,82,4,0.0488,5,0.061,0,0,1,0.0122,80,16,0.2,5,0.0625,0,0,5,0.0625,63,1,0.0159,0,0,0,0,0,0,25,16,0.64,7,0.28,0,0,0,0
339,72,1,0.0139,8,0.1111,0,0,0,0,42,9,0.2143,3,0.0714,0,0,0,0,65,2,0.0308,1,0.0154,0,0,0,0,46,11,0.2391,3,0.0652,0,0,0,0
340,81,4,0.0494,16,0.1975,0,0,2,0.0247,85,29,0.3412,7,0.0824,0,0,11,0.1294,105,4,0.0381,2,0.019,0,0,0,0,119,9,0.0756,12,0.1008,12,0.1008,8,0.0672
341,313,17,0.0543,12,0.0383,1,0.0032,6,0.0192,164,24,0.1463,10,0.061,0,0,4,0.0244,369,5,0.0136,2,0.0054,0,0,2,0.0054,63,6,0.0952,0,0,0,0,1,0.0159
342,222,8,0.036,1,0.0045,0,0,1,0.0045,163,40,0.2454,0,0,0,0,9,0.0552,232,8,0.0345,1,0.0043,0,0,2,0.0086,62,13,0.2097,3,0.0484,0,0,7,0.1129
343,229,6,0.0262,17,0.0742,1,0.0044,2,0.0087,52,15,0.2885,3,0.0577,0,0,1,0.0192,139,4,0.0288,1,0.0072,0,0,0,0,63,29,0.4603,26,0.4127,1,0.0159,9,0.1429
344,213,7,0.0329,6,0.0282,0,0,0,0,50,6,0.12,9,0.18,0,0,0,0,69,0,0,3,0.0435,0,0,0,0,51,9,0.1765,1,0.0196,0,0,0,0
345,443,11,0.0248,21,0.0474,7,0.0158,6,0.0135,238,49,0.2059,20,0.084,5,0.021,14,0.0588,526,7,0.0133,7,0.0133,3,0.0057,3,0.0057,187,83,0.4439,39,0.2086,0,0,5,0.0267
346,268,11,0.041,16,0.0597,1,0.0037,2,0.0075,174,40,0.2299,9,0.0517,0,0,4,0.023,281,10,0.0356,0,0,0,0,0,0,86,30,0.3488,14,0.1628,0,0,0,0
347,90,4,0.0444,6,0.0667,0,0,2,0.0222,56,18,0.3214,3,0.0536,0,0,2,0.0357,161,4,0.0248,0,0,0,0,2,0.0124,299,42,0.1405,0,0,0,0,15,0.0502
348,224,8,0.0357,12,0.0536,0,0,1,0.0045,87,16,0.1839,6,0.069,0,0,3,0.0345,285,9,0.0316,3,0.0105,0,0,5,0.0175,15,0,0,0,0,0,0,0,0
349,75,7,0.0933,11,0.1467,0,0,3,0.04,99,29,0.2929,6,0.0606,0,0,10,0.101,114,1,0.0088,1,0.0088,0,0,0,0,16,4,0.25,0,0,0,0,1,0.0625
350,532,32,0.0602,32,0.0602,6,0.0113,13,0.0244,497,114,0.2294,32,0.0644,5,0.0101,37,0.0744,804,39,0.0485,5,0.0062,1,0.0012,10,0.0124,71,4,0.0563,0,0,0,0,1,0.0141
351,317,13,0.041,19,0.0599,0,0,5,0.0158,209,41,0.1962,5,0.0239,0,0,15,0.0718,222,10,0.045,2,0.009,0,0,2,0.009,89,24,0.2697,10,0.1124,1,0.0112,7,0.0787
352,562,23,0.0409,26,0.0463,4,0.0071,3,0.0053,436,114,0.2615,19,0.0436,1,0.0023,34,0.078,795,43,0.0541,12,0.0151,3,0.0038,9,0.0113,43,26,0.6047,0,0,0,0,0,0
353,42,3,0.0714,6,0.1429,0,0,2,0.0476,37,9,0.2432,0,0,0,0,6,0.1622,56,4,0.0714,0,0,0,0,3,0.0536,28,0,0,0,0,0,0,0,0
354,252,17,0.0675,17,0.0675,2,0.0079,6,0.0238,112,33,0.2946,6,0.0536,1,0.0089,13,0.1161,90,4,0.0444,0,0,0,0,4,0.0444,34,12,0.3529,4,0.1176,0,0,1,0.0294
355,138,6,0.0435,12,0.087,4,0.029,3,0.0217,94,19,0.2021,6,0.0638,1,0.0106,9,0.0957,162,4,0.0247,1,0.0062,0,0,1,0.0062,2,0,0,0,0,0,0,0,0
356,110,11,0.1,3,0.0273,0,0,4,0.0364,88,37,0.4205,9,0.1023,3,0.0341,13,0.1477,143,3,0.021,0,0,0,0,1,0.007,20,1,0.05,0,0,0,0,0,0
357,12,0,0,2,0.1667,0,0,0,0,8,3,0.375,0,0,0,0,1,0.125,2,0,0,0,0,0,0,0,0,13,11,0.8462,0,0,0,0,0,0
358,320,5,0.0156,11,0.0344,0,0,1,0.0031,146,31,0.2123,14,0.0959,3,0.0205,6,0.0411,297,6,0.0202,3,0.0101,0,0,1,0.0034,73,14,0.1918,0,0,0,0,0,0
359,355,11,0.031,15,0.0423,0,0,0,0,206,38,0.1845,9,0.0437,0,0,0,0,341,12,0.0352,5,0.0147,0,0,0,0,69,17,0.2464,0,0,0,0,0,0
360,130,3,0.0231,6,0.0462,1,0.0077,0,0,123,16,0.1301,7,0.0569,0,0,8,0.065,170,0,0,3,0.0176,0,0,0,0,44,1,0.0227,0,0,0,0,1,0.0227
361,18,1,0.0556,2,0.1111,0,0,1,0.0556,14,10,0.7143,1,0.0714,0,0,5,0.3571,5,0,0,0,0,0,0,0,0,14,1,0.0714,0,0,0,0,0,0
362,65,1,0.0154,7,0.1077,0,0,0,0,60,17,0.2833,4,0.0667,0,0,0,0,37,3,0.0811,0,0,0,0,0,0,26,15,0.5769,6,0.2308,0,0,6,0.2308
363,129,4,0.031,10,0.0775,0,0,0,0,90,13,0.1444,2,0.0222,0,0,0,0,53,1,0.0189,0,0,0,0,0,0,15,0,0,0,0,0,0,0,0
364,211,2,0.0095,7,0.0332,2,0.0095,0,0,190,42,0.2211,8,0.0421,0,0,12,0.0632,227,6,0.0264,4,0.0176,0,0,2,0.0088,10,6,0.6,3,0.3,0,0,1,0.1
365,488,7,0.0143,6,0.0123,1,0.002,1,0.002,110,25,0.2273,5,0.0455,1,0.0091,8,0.0727,340,11,0.0324,8,0.0235,1,0.0029,3,0.0088,19,6,0.3158,9,0.4737,0,0,0,0
366,158,3,0.019,8,0.0506,0,0,1,0.0063,173,32,0.185,6,0.0347,1,0.0058,12,0.0694,264,8,0.0303,2,0.0076,0,0,3,0.0114,22,10,0.4545,1,0.0455,0,0,0,0
367,67,5,0.0746,8,0.1194,1,0.0149,4,0.0597,57,13,0.2281,3,0.0526,1,0.0175,7,0.1228,63,3,0.0476,2,0.0317,0,0,2,0.0317,25,0,0,0,0,0,0,0,0
368,136,5,0.0368,18,0.1324,0,0,0,0,90,33,0.3667,6,0.0667,0,0,12,0.1333,155,8,0.0516,1,0.0065,0,0,1,0.0065,2,1,0.5,0,0,0,0,0,0
369,27,0,0,0,0,0,0,0,0,38,11,0.2895,2,0.0526,0,0,4,0.1053,52,4,0.0769,2,0.0385,0,0,0,0,13,9,0.6923,0,0,0,0,0,0
370,96,7,0.0729,16,0.1667,1,0.0104,2,0.0208,75,33,0.44,4,0.0533,0,0,5,0.0667,120,4,0.0333,1,0.0083,0,0,0,0,55,14,0.2545,5,0.0909,0,0,0,0
371,105,6,0.0571,16,0.1524,0,0,1,0.0095,90,20,0.2222,5,0.0556,0,0,5,0.0556,206,10,0.0485,5,0.0243,0,0,4,0.0194,13,9,0.6923,2,0.1538,0,0,0,0
372,98,1,0.0102,7,0.0714,0,0,0,0,118,31,0.2627,8,0.0678,0,0,7,0.0593,144,2,0.0139,2,0.0139,0,0,0,0,81,31,0.3827,26,0.321,0,0,0,0
373,158,11,0.0696,5,0.0316,0,0,5,0.0316,22,7,0.3182,1,0.0455,0,0,1,0.0455,59,5,0.0847,1,0.0169,0,0,1,0.0169,32,22,0.6875,5,0.1563,0,0,3,0.0938
374,46,1,0.0217,7,0.1522,0,0,0,0,3,0,0,0,0,0,0,0,0,12,0,0,0,0,0,0,0,0,88,0,0,0,0,0,0,0,0
375,84,2,0.0238,0,0,0,0,0,0,63,15,0.2381,1,0.0159,0,0,1,0.0159,86,2,0.0233,0,0,0,0,1,0.0116,57,0,0,0,0,0,0,0,0
376,113,4,0.0354,9,0.0796,0,0,0,0,134,28,0.209,9,0.0672,0,0,6,0.0448,203,3,0.0148,5,0.0246,0,0,0,0,27,8,0.2963,4,0.1481,2,0.0741,3,0.1111
377,38,3,0.0789,8,0.2105,2,0.0526,2,0.0526,44,16,0.3636,5,0.1136,1,0.0227,4,0.0909,30,0,0,1,0.0333,0,0,0,0,19,12,0.6316,4,0.2105,0,0,0,0
378,18,0,0,4,0.2222,1,0.0556,0,0,31,18,0.5806,2,0.0645,0,0,8,0.2581,11,0,0,0,0,0,0,0,0,15,0,0,0,0,0,0,0,0
379,307,7,0.0228,16,0.0521,0,0,0,0,275,43,0.1564,19,0.0691,1,0.0036,2,0.0073,290,9,0.031,2,0.0069,0,0,0,0,112,9,0.0804,6,0.0536,0,0,0,0
380,168,16,0.0952,14,0.0833,0,0,4,0.0238,92,20,0.2174,4,0.0435,0,0,6,0.0652,149,1,0.0067,1,0.0067,0,0,0,0,61,22,0.3607,0,0,0,0,0,0
381,140,9,0.0643,20,0.1429,0,0,3,0.0214,126,26,0.2063,11,0.0873,1,0.0079,3,0.0238,249,6,0.0241,6,0.0241,0,0,1,0.004,52,8,0.1538,0,0,0,0,0,0
382,190,9,0.0474,15,0.0789,1,0.0053,1,0.0053,136,38,0.2794,14,0.1029,2,0.0147,10,0.0735,256,8,0.0313,1,0.0039,0,0,1,0.0039,56,5,0.0893,0,0,0,0,0,0
383,283,16,0.0565,24,0.0848,8,0.0283,8,0.0283,122,48,0.3934,27,0.2213,14,0.1148,29,0.2377,42,1,0.0238,1,0.0238,0,0,1,0.0238,329,71,0.2158,35,0.1064,0,0,0,0
384,46,4,0.087,4,0.087,0,0,0,0,34,6,0.1765,0,0,0,0,2,0.0588,113,6,0.0531,1,0.0088,0,0,3,0.0265,17,6,0.3529,2,0.1176,0,0,0,0
385,96,4,0.0417,5,0.0521,0,0,1,0.0104,87,34,0.3908,5,0.0575,0,0,15,0.1724,69,8,0.1159,1,0.0145,0,0,3,0.0435,4,2,0.5,1,0.25,0,0,2,0.5
386,183,3,0.0164,9,0.0492,0,0,0,0,149,29,0.1946,6,0.0403,0,0,4,0.0268,230,8,0.0348,3,0.013,0,0,2,0.0087,12,5,0.4167,1,0.0833,0,0,2,0.1667
387,125,9,0.072,6,0.048,0,0,0,0,98,20,0.2041,2,0.0204,0,0,0,0,144,1,0.0069,2,0.0139,0,0,0,0,9,0,0,0,0,0,0,0,0
388,78,1,0.0128,3,0.0385,0,0,0,0,52,15,0.2885,3,0.0577,0,0,0,0,65,2,0.0308,0,0,0,0,0,0,41,17,0.4146,9,0.2195,0,0,0,0
389,169,2,0.0118,4,0.0237,2,0.0118,1,0.0059,34,9,0.2647,4,0.1176,4,0.1176,6,0.1765,17,1,0.0588,0,0,0,0,1,0.0588,11,1,0.0909,0,0,0,0,0,0
390,188,10,0.0532,12,0.0638,0,0,5,0.0266,119,28,0.2353,11,0.0924,0,0,11,0.0924,140,5,0.0357,3,0.0214,0,0,1,0.0071,134,67,0.5,35,0.2612,1,0.0075,24,0.1791
391,585,12,0.0205,20,0.0342,3,0.0051,0,0,281,31,0.1103,8,0.0285,1,0.0036,9,0.032,332,5,0.0151,2,0.006,1,0.003,2,0.006,22,0,0,0,0,0,0,0,0
392,67,3,0.0448,5,0.0746,0,0,2,0.0299,34,10,0.2941,3,0.0882,0,0,1,0.0294,40,1,0.025,1,0.025,0,0,0,0,32,0,0,0,0,0,0,0,0
393,153,4,0.0261,9,0.0588,1,0.0065,3,0.0196,30,13,0.4333,1,0.0333,0,0,5,0.1667,36,0,0,0,0,0,0,0,0,207,0,0,0,0,0,0,0,0
394,66,2,0.0303,6,0.0909,0,0,1,0.0152,41,6,0.1463,0,0,0,0,4,0.0976,80,1,0.0125,0,0,0,0,0,0,5,0,0,0,0,0,0,0,0
395,83,4,0.0482,14,0.1687,1,0.012,0,0,51,15,0.2941,6,0.1176,0,0,5,0.098,91,2,0.022,1,0.011,0,0,2,0.022,149,0,0,0,0,0,0,0,0
396,109,2,0.0183,12,0.1101,1,0.0092,1,0.0092,73,14,0.1918,4,0.0548,0,0,5,0.0685,93,3,0.0323,1,0.0108,0,0,0,0,46,0,0,0,0,0,0,0,0
397,388,6,0.0155,14,0.0361,0,0,3,0.0077,46,12,0.2609,2,0.0435,0,0,4,0.087,66,3,0.0455,1,0.0152,0,0,2,0.0303,,,,,,,,,
398,434,8,0.0184,22,0.0507,0,0,2,0.0046,249,40,0.1606,14,0.0562,2,0.008,9,0.0361,486,13,0.0267,8,0.0165,1,0.0021,4,0.0082,,,,,,,,,
399,116,3,0.0259,7,0.0603,0,0,1,0.0086,177,29,0.1638,5,0.0282,1,0.0056,5,0.0282,265,1,0.0038,4,0.0151,0,0,1,0.0038,,,,,,,,,
400,320,8,0.025,9,0.0281,1,0.0031,6,0.0188,229,49,0.214,16,0.0699,1,0.0044,20,0.0873,589,13,0.0221,7,0.0119,0,0,4,0.0068,,,,,,,,,
401,516,12,0.0233,20,0.0388,4,0.0078,7,0.0136,542,68,0.1255,22,0.0406,2,0.0037,18,0.0332,782,16,0.0205,10,0.0128,3,0.0038,4,0.0051,,,,,,,,,
402,106,3,0.0283,23,0.217,3,0.0283,1,0.0094,38,10,0.2632,7,0.1842,1,0.0263,4,0.1053,79,2,0.0253,2,0.0253,1,0.0127,2,0.0253,,,,,,,,,
403,313,8,0.0256,20,0.0639,2,0.0064,5,0.016,372,53,0.1425,22,0.0591,3,0.0081,12,0.0323,569,12,0.0211,5,0.0088,0,0,5,0.0088,,,,,,,,,
404,110,2,0.0182,12,0.1091,4,0.0364,2,0.0182,101,20,0.198,6,0.0594,0,0,2,0.0198,189,2,0.0106,2,0.0106,0,0,0,0,,,,,,,,,
